,index,DMS_id,DMS_filename,UniProt_ID,taxon,source_organism,target_seq,seq_len,includes_multiple_mutants,DMS_total_number_mutants,DMS_number_single_mutants,DMS_number_multiple_mutants,DMS_binarization_cutoff,DMS_binarization_method,first_author,title,year,jo,region_mutated,molecule_name,selection_assay,selection_type,MSA_filename,MSA_start,MSA_end,MSA_len,MSA_bitscore,MSA_theta,MSA_num_seqs,MSA_perc_cov,MSA_num_cov,MSA_N_eff,MSA_Neff_L,MSA_Neff_L_category,MSA_num_significant,MSA_num_significant_L,raw_DMS_filename,raw_DMS_phenotype_name,raw_DMS_directionality,raw_DMS_mutant_column,weight_file_name,pdb_file,ProteinGym_version,raw_mut_offset,coarse_selection_type
0,7,AMFR_HUMAN_Rocklin_2023_4G3O,AMFR_HUMAN_Rocklin_2023_4G3O.csv,AMFR_HUMAN,Human,Homo sapiens,YFQGQLNAMAHQIQEMFPQVPYHLVLQDLQLTRSVEITTDNILEGRI,47,True,2972,820,2152,-1.504736022,median,Tsuboyama,Mega-scale experimental analysis of protein folding stability in biology and design,2023,10.1038/s41586-023-06328-6,1-47,E3 ubiquitin-protein ligase AMFR,Stability,cDNA display proteolysis,AMFR_HUMAN_2023-08-07_b04.a2m,1,47,47,0.4,0.2,17787,0.872,41.0,1166.9,28.46097561,Medium,12.0,0.2926829268,Tsuboyama2023_Dataset2_Dataset3,ddG_ML_float,1,mut_type,AMFR_HUMAN_theta0.2_2023-08-07_b04.npy,AMFR_HUMAN.pdb,1.0,,Stability
1,11,BBC1_YEAST_Rocklin_2023_1TG0,BBC1_YEAST_Rocklin_2023_1TG0.csv,BBC1_YEAST,Eukaryote,Saccharomyces cerevisiae (strain ATCC 204508 / S288c) (Baker's yeast),EVPFKVVAQFPYKSDYEDDLNFEKDQEIIVTSVEDAEWYFGEYQDSNGDVIEGIFPKSFVAVQG,64,True,2069,1084,985,-1.271998543,median,Tsuboyama,Mega-scale experimental analysis of protein folding stability in biology and design,2023,10.1038/s41586-023-06328-8,1-64,Myosin tail region-interacting protein MTI1,Stability,cDNA display proteolysis,BBC1_YEAST_2023-08-07_b05.a2m,1,64,64,0.5,0.2,604824,0.844,54.0,17529.2,324.6148148,High,55.0,1.018518519,Tsuboyama2023_Dataset2_Dataset5,ddG_ML_float,1,mut_type,BBC1_YEAST_theta0.2_2023-08-07_b05.npy,BBC1_YEAST.pdb,1.0,,Stability
2,12,BCHB_CHLTE_Rocklin_2023_2KRU,BCHB_CHLTE_Rocklin_2023_2KRU.csv,BCHB_CHLTE,Prokaryote,Chlorobaculum tepidum,ELSWTAEAEKMLGKVPFFVRKKVRKNTDNYAREIGEPVVTADVFRKAKEHLG,52,True,1572,890,682,-0.9540616602,median,Tsuboyama,Mega-scale experimental analysis of protein folding stability in biology and design,2023,10.1038/s41586-023-06328-9,1-52,Light-independent protochlorophyllide reductase subunit B,Stability,cDNA display proteolysis,BCHB_CHLTE_2023-08-07_b04.a2m,1,52,52,0.4,0.2,12079,0.923,48.0,2630.8,54.80833333,Medium,18.0,0.375,Tsuboyama2023_Dataset2_Dataset6,ddG_ML_float,1,mut_type,BCHB_CHLTE_theta0.2_2023-08-07_b04.npy,BCHB_CHLTE.pdb,1.0,,Stability
3,24,CATR_CHLRE_Rocklin_2023_2AMI,CATR_CHLRE_Rocklin_2023_2AMI.csv,CATR_CHLRE,Eukaryote,Chlamydomonas reinhardtii,GLTEEQKQEIREAFDLFDTDGSGTIDAKELKVAMRALGFEPKKEEIKKMISEIDKDGSGTIDFEEFLTMMTA,72,True,1903,1340,563,-0.5681612987,median,Tsuboyama,Mega-scale experimental analysis of protein folding stability in biology and design,2023,10.1038/s41586-023-06328-10,1-72,Caltractin,Stability,cDNA display proteolysis,CATR_CHLRE_2023-08-07_b03.a2m,1,72,72,0.3,0.2,551057,0.903,65.0,75596.9,1163.029231,High,57.0,0.8769230769,Tsuboyama2023_Dataset2_Dataset7,ddG_ML_float,1,mut_type,CATR_CHLRE_theta0.2_2023-08-07_b03.npy,CATR_CHLRE.pdb,1.0,,Stability
4,25,CBPA2_HUMAN_Rocklin_2023_1O6X,CBPA2_HUMAN_Rocklin_2023_1O6X.csv,CBPA2_HUMAN,Human,Homo sapiens,VGDQVLEIVPSNEEQIKNLLQLEAQEHLQLDFWKSPTTPGETAHVRVPFVNVQAVKVFLESQGIAYSIMIED,72,True,2068,1357,711,-1.221174658,median,Tsuboyama,Mega-scale experimental analysis of protein folding stability in biology and design,2023,10.1038/s41586-023-06328-11,1-72,Carboxypeptidase A2,Stability,cDNA display proteolysis,CBPA2_HUMAN_2023-08-07_b03.a2m,1,72,72,0.3,0.2,12711,0.986,71.0,3086.5,43.47183099,Medium,34.0,0.4788732394,Tsuboyama2023_Dataset2_Dataset8,ddG_ML_float,1,mut_type,CBPA2_HUMAN_theta0.2_2023-08-07_b03.npy,CBPA2_HUMAN.pdb,1.0,,Stability
5,26,CBX4_HUMAN_Rocklin_2023_2K28,CBX4_HUMAN_Rocklin_2023_2K28.csv,CBX4_HUMAN,Human,Homo sapiens,AVESIEKKRIRKGRVEYLVKWRGWSPKYNTWEPEENILDPRLLIAFQNRE,50,True,2282,917,1365,-1.635037732,median,Tsuboyama,Mega-scale experimental analysis of protein folding stability in biology and design,2023,10.1038/s41586-023-06328-12,1-50,E3 SUMO-protein ligase CBX4,Stability,cDNA display proteolysis,CBX4_HUMAN_2023-08-07_b03.a2m,1,50,50,0.3,0.2,108263,0.96,48.0,13404.4,279.2583333,High,23.0,0.4791666667,Tsuboyama2023_Dataset2_Dataset9,ddG_ML_float,1,mut_type,CBX4_HUMAN_theta0.2_2023-08-07_b03.npy,CBX4_HUMAN.pdb,1.0,,Stability
6,30,CSN4_MOUSE_Rocklin_2023_1UFM,CSN4_MOUSE_Rocklin_2023_1UFM.csv,CSN4_MOUSE,Eukaryote,Mus musculus,SSGGSSILDRAVIEHNLLSASKLYNNITFEELGALLEIPAAKAEKIASQMITEGRMNGFIDQIDGIVHFETR,72,True,3295,1353,1942,-0.7,manual,Tsuboyama,Mega-scale experimental analysis of protein folding stability in biology and design,2023,10.1038/s41586-023-06328-13,1-72,COP9 signalosome complex subunit 4,Stability,cDNA display proteolysis,CSN4_MOUSE_2023-08-07_b03.a2m,1,72,72,0.3,0.2,39217,0.889,64.0,3492.9,54.5765625,Medium,9.0,0.140625,Tsuboyama2023_Dataset2_Dataset10,ddG_ML_float,1,mut_type,CSN4_MOUSE_theta0.2_2023-08-07_b03.npy,CSN4_MOUSE.pdb,1.0,,Stability
7,31,CUE1_YEAST_Rocklin_2023_2MYX,CUE1_YEAST_Rocklin_2023_2MYX.csv,CUE1_YEAST,Eukaryote,Saccharomyces cerevisiae,GGHPVTTQMVETVQNLAPNLHPEQIRYSLENTGSVEETVERYLRGDEFSFPP,52,True,1580,955,625,-1.319713733,median,Tsuboyama,Mega-scale experimental analysis of protein folding stability in biology and design,2023,10.1038/s41586-023-06328-14,1-52,Coupling of ubiquitin conjugation to ER degradation protein 1,Stability,cDNA display proteolysis,CUE1_YEAST_2023-08-07_b08.a2m,1,52,52,0.8,0.2,3213,0.923,48.0,387.1,8.064583333,Medium,10.0,0.2083333333,Tsuboyama2023_Dataset2_Dataset11,ddG_ML_float,1,mut_type,CUE1_YEAST_theta0.2_2023-08-07_b08.npy,CUE1_YEAST.pdb,1.0,,Stability
8,34,DNJA1_HUMAN_Rocklin_2023_2LO1,DNJA1_HUMAN_Rocklin_2023_2LO1.csv,DNJA1_HUMAN,Human,Homo sapiens,TTYYDVLGVKPNATQEELKKAYRKLALKYHPDKNPNEGEKFKQISQAYEVLSDAKKRELYDKGGE,65,True,2264,1216,1048,-2.239788161,median,Tsuboyama,Mega-scale experimental analysis of protein folding stability in biology and design,2023,10.1038/s41586-023-06328-16,1-65,DnaJ homolog subfamily A member 1,Stability,cDNA display proteolysis,DNJA1_HUMAN_2023-08-07_b07.a2m,1,65,65,0.7,0.2,280284,0.969,63.0,35361.9,561.3,High,52.0,0.8253968254,Tsuboyama2023_Dataset2_Dataset13,ddG_ML_float,1,mut_type,DNJA1_HUMAN_theta0.2_2023-08-07_b07.npy,DNJA1_HUMAN.pdb,1.0,,Stability
9,35,DOCK1_MOUSE_Rocklin_2023_2M0Y,DOCK1_MOUSE_Rocklin_2023_2M0Y.csv,DOCK1_MOUSE,Eukaryote,Mus musculus,WVPTKREEKYGVAFYNYDARGADELSLQIGDTVHILETYEGWYRGYTLRKKSKKGIFPASYIHLKE,66,True,2915,1213,1702,-1.104437518,median,Tsuboyama,Mega-scale experimental analysis of protein folding stability in biology and design,2023,10.1038/s41586-023-06328-17,1-66,Dedicator of cytokinesis protein 1,Stability,cDNA display proteolysis,DOCK1_MOUSE_2023-08-07_b03.a2m,1,66,66,0.3,0.2,705447,0.848,56.0,22172.3,395.9339286,High,55.0,0.9821428571,Tsuboyama2023_Dataset2_Dataset14,ddG_ML_float,1,mut_type,DOCK1_MOUSE_theta0.2_2023-08-07_b03.npy,DOCK1_MOUSE.pdb,1.0,,Stability
10,40,EPHB2_HUMAN_Rocklin_2023_1F0M,EPHB2_HUMAN_Rocklin_2023_1F0M.csv,EPHB2_HUMAN,Human,Homo sapiens,SFNTVDEWLEAIKMGQYKESFANAGFTSFDVVSQMMMEDILRVGVTLAGHQKKILNSIQVMRAQMN,66,True,1960,1239,721,-1.932053964,median,Tsuboyama,Mega-scale experimental analysis of protein folding stability in biology and design,2023,10.1038/s41586-023-06328-18,1-66,Ephrin type-B receptor 2,Stability,cDNA display proteolysis,EPHB2_HUMAN_2023-08-07_b04.a2m,1,66,66,0.4,0.2,212234,0.894,59.0,8426.3,142.8186441,High,29.0,0.4915254237,Tsuboyama2023_Dataset2_Dataset15,ddG_ML_float,1,mut_type,EPHB2_HUMAN_theta0.2_2023-08-07_b04.npy,EPHB2_HUMAN.pdb,1.0,,Stability
11,43,FECA_ECOLI_Rocklin_2023_2D1U,FECA_ECOLI_Rocklin_2023_2D1U.csv,FECA_ECOLI,Eukaryote,Escherichia coli,QVNIAPGSLDKALNQYAAHSGFTLSVDASLTRGKQSNGLHGDYDVESGLQQLLDGSGLQVKPLGNNSWTLEP,72,True,1886,1219,667,-0.813576222,median,Tsuboyama,Mega-scale experimental analysis of protein folding stability in biology and design,2023,10.1038/s41586-023-06328-19,1-72,Fe(3+) dicitrate transport protein FecA,Stability,cDNA display proteolysis,FECA_ECOLI_2023-08-07_b06.a2m,1,72,72,0.6,0.2,74248,0.986,71.0,9949.9,140.1394366,High,63.0,0.8873239437,Tsuboyama2023_Dataset2_Dataset16,ddG_ML_float,1,mut_type,FECA_ECOLI_theta0.2_2023-08-07_b06.npy,FECA_ECOLI.pdb,1.0,,Stability
12,46,GCN4_YEAST_Staller_2018,GCN4_YEAST_Staller_2018.csv,GCN4_YEAST,Eukaryote,Saccharomyces cerevisiae,MSEYQPSLFALNPMGFSPLDGSKSTNENVSASTSTAKPMVGQLIFDKFIKTEEDPIIKQDTPSNLDFDFALPQTATAPDAKTVLPIPELDDAVVESFFSSSTDSTPMFEYENLEDNSKEWTSLFDNDIPVTTDDVSLADKAIESTEEVSLVPSNLEVSTTSFLPTPVLEDAKLTQTRKVKKPNSVVKKSHHVGKDDESRLDHLGVVAYNRKQRSIPLSPIVPESSDPAALKRARNTEAARRSRARKLQRMKQLEDKVEELLSKNYHLENEVARLKKLVGER,281,True,2638,33,2605,1.293757864,median,Staller,A High-Throughput Mutational Scan of an Intrinsically Disordered Acidic Transcriptional Activation Domain,2018,10.1016/j.cels.2018.01.015,101-144,Gcn4,Binding,FACS,GCN4_YEAST_full_24-02-2022_b03.a2m,1,281,281,0.3,0.2,350,0.719,202.0,177.9,0.8806930693,low,1.0,0.00495049505,GCN4_YEAST_Staller_2018.csv,Induction,1,mutant,GCN4_YEAST_theta_0.2.npy,GCN4_YEAST.pdb,0.1,,Binding
13,50,HECD1_HUMAN_Rocklin_2023_3DKM,HECD1_HUMAN_Rocklin_2023_3DKM.csv,HECD1_HUMAN,Human,Homo sapiens,NLYFQGLKYMVPGARVTRGLDWKWRDQDGSPQGEGTVTGELHNGWIDVTWDAGGSNSYRMGAEGKFDLKLAP,72,True,5586,1244,4342,-0.7,manual,Tsuboyama,Mega-scale experimental analysis of protein folding stability in biology and design,2023,10.1038/s41586-023-06328-22,1-72,E3 ubiquitin-protein ligase HECTD1,Stability,cDNA display proteolysis,HECD1_HUMAN_2023-08-07_b03.a2m,1,72,72,0.3,0.2,18660,0.903,65.0,1192.3,18.34307692,Medium,24.0,0.3692307692,Tsuboyama2023_Dataset2_Dataset19,ddG_ML_float,1,mut_type,HECD1_HUMAN_theta0.2_2023-08-07_b03.npy,HECD1_HUMAN.pdb,1.0,,Stability
14,56,ISDH_STAAW_Rocklin_2023_2LHR,ISDH_STAAW_Rocklin_2023_2LHR.csv,ISDH_STAAW,Prokaryote,Staphylococcus aureus,YNLQKLLAPYHKAKTLERQVYELEKLQEKLPEKYKAEYKKKLDQTRVELADQVKS,55,True,1944,940,1004,-0.7942702247,median,Tsuboyama,Mega-scale experimental analysis of protein folding stability in biology and design,2023,10.1038/s41586-023-06328-24,1-55,Iron-regulated surface determinant protein H,Stability,cDNA display proteolysis,ISDH_STAAW_2023-08-07_b01.a2m,1,55,55,0.1,0.2,115488,0.818,45.0,38123.1,847.18,High,6.0,0.1333333333,Tsuboyama2023_Dataset2_Dataset21,ddG_ML_float,1,mut_type,ISDH_STAAW_theta0.2_2023-08-07_b01.npy,ISDH_STAAW.pdb,1.0,,Stability
15,62,MAFG_MOUSE_Rocklin_2023_1K1V,MAFG_MOUSE_Rocklin_2023_1K1V.csv,MAFG_MOUSE,Eukaryote,Mus musculus,LTDEELVTMSVRELNQHLRGLSKEEIIQLKQRRRTLKNRGY,41,True,1429,762,667,-0.5,manual,Tsuboyama,Mega-scale experimental analysis of protein folding stability in biology and design,2023,10.1038/s41586-023-06328-25,1-41,Transcription factor MafG,Stability,cDNA display proteolysis,MAFG_MOUSE_2023-08-07_b07.a2m,1,41,41,0.7,0.2,6178,1.0,41.0,156.7,3.82195122,Medium,4.0,0.09756097561,Tsuboyama2023_Dataset2_Dataset22,ddG_ML_float,1,mut_type,MAFG_MOUSE_theta0.2_2023-08-07_b07.npy,MAFG_MOUSE.pdb,1.0,,Stability
16,63,MBD11_ARATH_Rocklin_2023_6ACV,MBD11_ARATH_Rocklin_2023_6ACV.csv,MBD11_ARATH,Eukaryote,Arabidopsis thaliana,VSVELPAPSSWKKLFYPNKVGSVKKTEVVFVAPTGEEISNRKQLEQYLKSHPGNPAIAEFDWTTSG,66,True,2116,1155,961,-1.578921171,median,Tsuboyama,Mega-scale experimental analysis of protein folding stability in biology and design,2023,10.1038/s41586-023-06328-26,1-66,Methyl-CpG-binding domain-containing protein 11,Stability,cDNA display proteolysis,MBD11_ARATH_2023-08-07_b03.a2m,1,66,66,0.3,0.2,26035,0.909,60.0,1510.5,25.175,Medium,11.0,0.1833333333,Tsuboyama2023_Dataset2_Dataset23,ddG_ML_float,1,mut_type,MBD11_ARATH_theta0.2_2023-08-07_b03.npy,MBD11_ARATH.pdb,1.0,,Stability
17,67,MYO3_YEAST_Rocklin_2023_2BTT,MYO3_YEAST_Rocklin_2023_2BTT.csv,MYO3_YEAST,Eukaryote,Saccharomyces cerevisiae,KDPKFEAAYDFPGSGSSSELPLKKGDIVFISRDEPSGWSLAKLLDGSKEGWVPTAYMTPYK,61,True,3297,947,2350,-1.0,manual,Tsuboyama,Mega-scale experimental analysis of protein folding stability in biology and design,2023,10.1038/s41586-023-06328-27,1-61,Myosin-3,Stability,cDNA display proteolysis,MYO3_YEAST_2023-08-07_b07.a2m,1,61,61,0.7,0.2,442941,0.885,54.0,12893.2,238.762963,High,51.0,0.9444444444,Tsuboyama2023_Dataset2_Dataset24,ddG_ML_float,1,mut_type,MYO3_YEAST_theta0.2_2023-08-07_b07.npy,MYO3_YEAST.pdb,1.0,,Stability
18,68,NKX31_HUMAN_Rocklin_2023_2L9R,NKX31_HUMAN_Rocklin_2023_2L9R.csv,NKX31_HUMAN,Human,Homo sapiens,HSHMSHTQVIELERKFSHQKYLSAPERAHLAKNLKLTETQVKIWFQNRRYKTKRKQLSSEL,61,True,2482,1149,1333,-0.3,manual,Tsuboyama,Mega-scale experimental analysis of protein folding stability in biology and design,2023,10.1038/s41586-023-06328-28,1-61,Homeobox protein Nkx-3.1,Stability,cDNA display proteolysis,NKX31_HUMAN_2023-08-07_b04.a2m,1,61,61,0.4,0.2,319273,0.902,55.0,8440.8,153.4690909,High,27.0,0.4909090909,Tsuboyama2023_Dataset2_Dataset25,ddG_ML_float,1,mut_type,NKX31_HUMAN_theta0.2_2023-08-07_b04.npy,NKX31_HUMAN.pdb,1.0,,Stability
19,73,NUSA_ECOLI_Rocklin_2023_1WCL,NUSA_ECOLI_Rocklin_2023_1WCL.csv,NUSA_ECOLI,Prokaryote,Escherichia coli,EAHAAIDTFTKYLDIDEDFATVLVEEGFSTLEELAYVPMKELLEIEGLDEPTVEALRERAKNALATIAQ,69,True,2028,1306,722,-1.318069467,median,Tsuboyama,Mega-scale experimental analysis of protein folding stability in biology and design,2023,10.1038/s41586-023-06328-29,1-69,Transcription termination/antitermination protein NusA,Stability,cDNA display proteolysis,NUSA_ECOLI_2023-08-07_b03.a2m,1,69,69,0.3,0.2,205612,0.812,56.0,39002.5,696.4732143,High,38.0,0.6785714286,Tsuboyama2023_Dataset2_Dataset26,ddG_ML_float,1,mut_type,NUSA_ECOLI_theta0.2_2023-08-07_b03.npy,NUSA_ECOLI.pdb,1.0,,Stability
20,74,NUSG_MYCTU_Rocklin_2023_2MI6,NUSG_MYCTU_Rocklin_2023_2MI6.csv,NUSG_MYCTU,Prokaryote,Mycobacterium tuberculosis,DYEVGESVTVMDGPFATLPATISEVNAEQQKLKVLVSIFGRETPVELTFGQVSKI,55,True,1380,1019,361,-0.5,manual,Tsuboyama,Mega-scale experimental analysis of protein folding stability in biology and design,2023,10.1038/s41586-023-06328-30,1-55,Transcription termination/antitermination protein NusG,Stability,cDNA display proteolysis,NUSG_MYCTU_2023-08-07_b03.a2m,1,55,55,0.3,0.2,102004,0.964,53.0,16625.7,313.6924528,High,41.0,0.7735849057,Tsuboyama2023_Dataset2_Dataset27,ddG_ML_float,1,mut_type,NUSG_MYCTU_theta0.2_2023-08-07_b03.npy,NUSG_MYCTU.pdb,1.0,,Stability
21,75,OBSCN_HUMAN_Rocklin_2023_1V1C,OBSCN_HUMAN_Rocklin_2023_1V1C.csv,OBSCN_HUMAN,Human,Homo sapiens,FDIYVVTADYLPLGAEQDAITLREGQYVEVLDAAHPLRWLVRTKPTKSSPSRQGWVSPAYLDRRL,65,True,3197,1213,1984,-1.0,manual,Tsuboyama,Mega-scale experimental analysis of protein folding stability in biology and design,2023,10.1038/s41586-023-06328-31,1-65,Obscurin,Stability,cDNA display proteolysis,OBSCN_HUMAN_2023-08-07_b02.a2m,1,65,65,0.2,0.2,718751,0.815,53.0,23710.7,447.3716981,High,54.0,1.018867925,Tsuboyama2023_Dataset2_Dataset28,ddG_ML_float,1,mut_type,OBSCN_HUMAN_theta0.2_2023-08-07_b02.npy,OBSCN_HUMAN.pdb,1.0,,Stability
22,76,ODP2_GEOSE_Rocklin_2023_1W4G,ODP2_GEOSE_Rocklin_2023_1W4G.csv,ODP2_GEOSE,Prokaryote,Geobacillus stearothermophilus,NRRVIAMPSVRKWAREKGVDIRLVQGTGKNGRVLKEDIDAFLAG,44,True,1134,669,465,-0.4168227551,median,Tsuboyama,Mega-scale experimental analysis of protein folding stability in biology and design,2023,10.1038/s41586-023-06328-32,1-44,Dihydrolipoyllysine-residue acetyltransferase component of pyruvate dehydrogenase complex,Stability,cDNA display proteolysis,ODP2_GEOSE_2023-08-07_b07.a2m,1,44,44,0.7,0.2,163835,0.909,40.0,14834.6,370.865,High,21.0,0.525,Tsuboyama2023_Dataset2_Dataset29,ddG_ML_float,1,mut_type,ODP2_GEOSE_theta0.2_2023-08-07_b07.npy,ODP2_GEOSE.pdb,1.0,,Stability
23,84,PIN1_HUMAN_Rocklin_2023_1I6C,PIN1_HUMAN_Rocklin_2023_1I6C.csv,PIN1_HUMAN,Human,Homo sapiens,KLPPGWEKRMSRSSGRVYYFNHITNASQWERPSGNSSSG,39,True,802,686,116,-0.6844420472,median,Tsuboyama,Mega-scale experimental analysis of protein folding stability in biology and design,2023,10.1038/s41586-023-06328-34,1-39,Peptidyl-prolyl cis-trans isomerase NIMA-interacting 1,Stability,cDNA display proteolysis,PIN1_HUMAN_2023-08-07_b02.a2m,1,39,39,0.2,0.2,248269,0.821,32.0,10833.2,338.5375,High,13.0,0.40625,Tsuboyama2023_Dataset2_Dataset31,ddG_ML_float,1,mut_type,PIN1_HUMAN_theta0.2_2023-08-07_b02.npy,PIN1_HUMAN.pdb,1.0,,Stability
24,85,PITX2_HUMAN_Rocklin_2023_2L7M,PITX2_HUMAN_Rocklin_2023_2L7M.csv,PITX2_HUMAN,Human,Homo sapiens,THFTSQQLQELEATFQRNHYPDMSTREEIAVWTNLTEARVRVWFKNRRAKWR,52,True,1824,938,886,-1.201366007,median,Tsuboyama,Mega-scale experimental analysis of protein folding stability in biology and design,2023,10.1038/s41586-023-06328-35,1-52,Pituitary homeobox 2,Stability,cDNA display proteolysis,PITX2_HUMAN_2023-08-07_b04.a2m,1,52,52,0.4,0.2,344174,1.0,52.0,9819.6,188.8384615,High,25.0,0.4807692308,Tsuboyama2023_Dataset2_Dataset32,ddG_ML_float,1,mut_type,PITX2_HUMAN_theta0.2_2023-08-07_b04.npy,PITX2_HUMAN.pdb,1.0,,Stability
25,88,POLG_PESV_Rocklin_2023_2MXD,POLG_PESV_Rocklin_2023_2MXD.csv,POLG_PESV,Virus,Porcine enteric sapovirus,ALRDDEYDEWQDIIRDWRKEMTVQQFLDLKERALSGASDPDSQRYNAWLELRA,53,True,5130,995,4135,-1.7,manual,Tsuboyama,Mega-scale experimental analysis of protein folding stability in biology and design,2023,10.1038/s41586-023-06328-37,1-53,Genome polyprotein,Stability,cDNA display proteolysis,POLG_PESV_2023-08-07_b03.a2m,1,53,53,0.3,0.01,20190,0.887,47.0,3718.4,79.11489362,Medium,12.0,0.2553191489,Tsuboyama2023_Dataset2_Dataset34,ddG_ML_float,1,mut_type,POLG_PESV_theta0.01_2023-08-07_b03.npy,POLG_PESV.pdb,1.0,,Stability
26,89,PR40A_HUMAN_Rocklin_2023_1UZC,PR40A_HUMAN_Rocklin_2023_1UZC.csv,PR40A_HUMAN,Human,Homo sapiens,TYTWNTKEEAKQAFKELLKEKRVPSNASWEQAMKMIINDPRYSALAKLSEKKQAFNAYKVQTE,63,True,2033,1163,870,-1.362579422,median,Tsuboyama,Mega-scale experimental analysis of protein folding stability in biology and design,2023,10.1038/s41586-023-06328-38,1-63,Pre-mRNA-processing factor 40 homolog A,Stability,cDNA display proteolysis,PR40A_HUMAN_2023-08-07_b03.a2m,1,63,63,0.3,0.2,63560,0.857,54.0,3663.8,67.84814815,Medium,16.0,0.2962962963,Tsuboyama2023_Dataset2_Dataset35,ddG_ML_float,1,mut_type,PR40A_HUMAN_theta0.2_2023-08-07_b03.npy,PR40A_HUMAN.pdb,1.0,,Stability
27,90,PSAE_SYNP2_Rocklin_2023_1PSE,PSAE_SYNP2_Rocklin_2023_1PSE.csv,PSAE_SYNP2,Prokaryote,Synechococcus sp.,AIERGSKVKILRKESYWYGDVGTVASIDKSGIIYPVIVRFNKVNYNGFSGSAGGLNTNNFAEHELEVV,68,True,1579,1219,360,-0.7,manual,Tsuboyama,Mega-scale experimental analysis of protein folding stability in biology and design,2023,10.1038/s41586-023-06328-39,1-68,Photosystem I reaction center subunit IV,Stability,cDNA display proteolysis,PSAE_SYNP2_2023-08-07_b09.a2m,1,68,68,0.9,0.2,1785,0.868,59.0,130.7,2.215254237,Medium,9.0,0.1525423729,Tsuboyama2023_Dataset2_Dataset36,ddG_ML_float,1,mut_type,PSAE_SYNP2_theta0.2_2023-08-07_b09.npy,PSAE_SYNP2.pdb,1.0,,Stability
28,98,RAD_ANTMA_Rocklin_2023_2CJJ,RAD_ANTMA_Rocklin_2023_2CJJ.csv,RAD_ANTMA,Eukaryote,Antirrhinum majus,PWSAKENKAFERALAVYDKDTPDRWANVARAVEGRTPEEVKKHYEILVEDIKYI,54,True,912,774,138,-0.3943851731,median,Tsuboyama,Mega-scale experimental analysis of protein folding stability in biology and design,2023,10.1038/s41586-023-06328-40,1-54,Transcription factor RADIALIS,Stability,cDNA display proteolysis,RAD_ANTMA_2023-08-07_b01.a2m,1,54,54,0.1,0.2,423275,0.833,45.0,38133.9,847.42,High,27.0,0.6,Tsuboyama2023_Dataset2_Dataset37,ddG_ML_float,1,mut_type,RAD_ANTMA_theta0.2_2023-08-07_b01.npy,RAD_ANTMA.pdb,1.0,,Stability
29,101,RBP1_HUMAN_Rocklin_2023_2KWH,RBP1_HUMAN_Rocklin_2023_2KWH.csv,RBP1_HUMAN,Human,Homo sapiens,ETQAGIKEEIRRQEFLLNSLHRDLQGGIKDLSKEERLWEVQRILTALKRKLR,52,True,1332,975,357,-0.2693189895,median,Tsuboyama,Mega-scale experimental analysis of protein folding stability in biology and design,2023,10.1038/s41586-023-06328-41,1-52,RalA-binding protein 1,Stability,cDNA display proteolysis,RBP1_HUMAN_2023-08-07_b01.a2m,1,52,52,0.1,0.2,135922,0.827,43.0,50510.0,1174.651163,High,6.0,0.1395348837,Tsuboyama2023_Dataset2_Dataset38,ddG_ML_float,1,mut_type,RBP1_HUMAN_theta0.2_2023-08-07_b01.npy,RBP1_HUMAN.pdb,1.0,,Stability
30,102,RCD1_ARATH_Rocklin_2023_5OAO,RCD1_ARATH_Rocklin_2023_5OAO.csv,RCD1_ARATH,Eukaryote,Arabidopsis thaliana,PTLFAAISHKVAENDMLLINADYQQLRDKKMTRAEFVRKLRVIVGDDLLRSTITTLQ,57,True,1261,988,273,-0.3828831078,median,Tsuboyama,Mega-scale experimental analysis of protein folding stability in biology and design,2023,10.1038/s41586-023-06328-42,1-57,Inactive poly [ADP-ribose] polymerase RCD1,Stability,cDNA display proteolysis,RCD1_ARATH_2023-08-07_b02.a2m,1,57,57,0.2,0.2,6525,0.93,53.0,1578.5,29.78301887,Medium,2.0,0.03773584906,Tsuboyama2023_Dataset2_Dataset39,ddG_ML_float,1,mut_type,RCD1_ARATH_theta0.2_2023-08-07_b02.npy,RCD1_ARATH.pdb,1.0,,Stability
31,103,RCRO_LAMBD_Rocklin_2023_1ORC,RCRO_LAMBD_Rocklin_2023_1ORC.csv,RCRO_LAMBD,Prokaryote,Escherichia phage lambda,QRITLKDYAMRFGQTKTAKDLGVYQSAINKAIHAGRKIFLTINADGSVYAEEVKDGEVKPFPS,63,True,2278,1195,1083,-1.255848942,median,Tsuboyama,Mega-scale experimental analysis of protein folding stability in biology and design,2023,10.1038/s41586-023-06328-43,1-63,Regulatory protein cro,Stability,cDNA display proteolysis,RCRO_LAMBD_2023-08-07_b03.a2m,1,63,63,0.3,0.2,392895,0.762,48.0,51658.6,1076.220833,High,32.0,0.6666666667,Tsuboyama2023_Dataset2_Dataset40,ddG_ML_float,1,mut_type,RCRO_LAMBD_theta0.2_2023-08-07_b03.npy,RCRO_LAMBD.pdb,1.0,,Stability
32,104,RD23A_HUMAN_Rocklin_2023_1IFY,RD23A_HUMAN_Rocklin_2023_1IFY.csv,RD23A_HUMAN,Human,Homo sapiens,SEYETMLTEIMSMGYERERVVAALRASYNNPHRAVEYLLTGIPG,44,True,1019,798,221,-0.7285205281,median,Tsuboyama,Mega-scale experimental analysis of protein folding stability in biology and design,2023,10.1038/s41586-023-06328-44,1-44,UV excision repair protein RAD23 homolog A,Stability,cDNA display proteolysis,RD23A_HUMAN_2023-08-07_b04.a2m,1,44,44,0.4,0.2,100991,0.864,38.0,7912.9,208.2342105,High,21.0,0.5526315789,Tsuboyama2023_Dataset2_Dataset41,ddG_ML_float,1,mut_type,RD23A_HUMAN_theta0.2_2023-08-07_b04.npy,RD23A_HUMAN.pdb,1.0,,Stability
33,106,RFAH_ECOLI_Rocklin_2023_2LCL,RFAH_ECOLI_Rocklin_2023_2LCL.csv,RFAH_ECOLI,Prokaryote,Escherichia coli,ATPYPGDKVIITEGAFEGFQAIFTEPDGEARSMLLLNLINKEIKHSVKNTEFRKL,55,True,1326,969,357,-0.4014057355,median,Tsuboyama,Mega-scale experimental analysis of protein folding stability in biology and design,2023,10.1038/s41586-023-06328-45,1-55,Transcription antitermination protein RfaH,Stability,cDNA display proteolysis,RFAH_ECOLI_2023-08-07_b04.a2m,1,55,55,0.4,0.2,86049,0.927,51.0,11748.4,230.3607843,High,35.0,0.6862745098,Tsuboyama2023_Dataset2_Dataset42,ddG_ML_float,1,mut_type,RFAH_ECOLI_theta0.2_2023-08-07_b04.npy,RFAH_ECOLI.pdb,1.0,,Stability
34,107,RL20_AQUAE_Rocklin_2023_1GYZ,RL20_AQUAE_Rocklin_2023_1GYZ.csv,RL20_AQUAE,Prokaryote,Aquifex aeolicus,WIARINAAVRAYGLNYSTFINGLKKAGIELDRKILADMAVRDPQAFEQVVNKVKEALQV,59,True,1461,1121,340,-0.7,manual,Tsuboyama,Mega-scale experimental analysis of protein folding stability in biology and design,2023,10.1038/s41586-023-06328-46,1-59,Large ribosomal subunit protein bL20,Stability,cDNA display proteolysis,RL20_AQUAE_2023-08-07_b01.a2m,1,59,59,0.1,0.2,397758,0.814,48.0,104766.4,2182.633333,High,34.0,0.7083333333,Tsuboyama2023_Dataset2_Dataset43,ddG_ML_float,1,mut_type,RL20_AQUAE_theta0.2_2023-08-07_b01.npy,RL20_AQUAE.pdb,1.0,,Stability
35,112,RPC1_BP434_Rocklin_2023_1R69,RPC1_BP434_Rocklin_2023_1R69.csv,RPC1_BP434,Virus,Enterobacteria phage 434,SISSRVKSKRIQLGLNQAELAQKVGTTQQSIEQLENGKTKRPRFLPELASALGVSVDWLLN,61,True,1459,1124,335,-1.349855239,median,Tsuboyama,Mega-scale experimental analysis of protein folding stability in biology and design,2023,10.1038/s41586-023-06328-47,1-61,Repressor protein CI,Stability,cDNA display proteolysis,RPC1_BP434_2023-08-07_b05.a2m,1,61,61,0.5,0.01,820224,0.951,58.0,192520.2,3319.313793,High,73.0,1.25862069,Tsuboyama2023_Dataset2_Dataset44,ddG_ML_float,1,mut_type,RPC1_BP434_theta0.01_2023-08-07_b05.npy,RPC1_BP434.pdb,1.0,,Stability
36,116,SAV1_MOUSE_Rocklin_2023_2YSB,SAV1_MOUSE_Rocklin_2023_2YSB.csv,SAV1_MOUSE,Eukaryote,Mus musculus,GEDLPLPPGWSVDWTMRGRKYYIDHNTNTTHWSHPLESGPSSG,43,True,965,679,286,-0.6280556038,median,Tsuboyama,Mega-scale experimental analysis of protein folding stability in biology and design,2023,10.1038/s41586-023-06328-49,1-43,Protein salvador homolog 1,Stability,cDNA display proteolysis,SAV1_MOUSE_2023-08-07_b06.a2m,1,43,43,0.6,0.2,177542,0.791,34.0,4627.6,136.1058824,High,14.0,0.4117647059,Tsuboyama2023_Dataset2_Dataset46,ddG_ML_float,1,mut_type,SAV1_MOUSE_theta0.2_2023-08-07_b06.npy,SAV1_MOUSE.pdb,1.0,,Stability
37,120,SDA_BACSU_Rocklin_2023_1PV0,SDA_BACSU_Rocklin_2023_1PV0.csv,SDA_BACSU,Prokaryote,Bacillus subtilis,MRKLSDELLIESYFKATEMNLNRDFIELIENEIKRRSLGHIISV,44,True,2770,834,1936,-1.0,manual,Tsuboyama,Mega-scale experimental analysis of protein folding stability in biology and design,2023,10.1038/s41586-023-06328-52,1-44,Sporulation inhibitor sda,Stability,cDNA display proteolysis,SDA_BACSU_2023-08-07_b05.a2m,1,44,44,0.5,0.2,1953,0.886,39.0,876.8,22.48205128,Medium,4.0,0.1025641026,Tsuboyama2023_Dataset2_Dataset49,ddG_ML_float,1,mut_type,SDA_BACSU_theta0.2_2023-08-07_b05.npy,SDA_BACSU.pdb,1.0,,Stability
38,123,SPA_STAAU_Rocklin_2023_1LP1,SPA_STAAU_Rocklin_2023_1LP1.csv,SPA_STAAU,Prokaryote,Staphylococcus aureus,KFNKELSVAGREIVTLPNLNDPQKKAFIFSLWDDPSQSANLLAEAKKLNDAQAPK,55,True,2105,1035,1070,-0.9794586971,median,Tsuboyama,Mega-scale experimental analysis of protein folding stability in biology and design,2023,10.1038/s41586-023-06328-54,1-55,Immunoglobulin G-binding protein A,Stability,cDNA display proteolysis,SPA_STAAU_2023-08-07_b04.a2m,1,55,55,0.4,0.2,184804,0.927,51.0,2042.1,40.04117647,Medium,25.0,0.4901960784,Tsuboyama2023_Dataset2_Dataset51,ddG_ML_float,1,mut_type,SPA_STAAU_theta0.2_2023-08-07_b04.npy,SPA_STAAU.pdb,1.0,,Stability
39,124,SPG2_STRSG_Rocklin_2023_5UBS,SPG2_STRSG_Rocklin_2023_5UBS.csv,SPG2_STRSG,Prokaryote,Streptococcus sp. group G,MTFKLIINGKTLKGETTTEAVDAATAEKVFKQYFNDNGIDGEWTYDDATKTFTITE,56,True,1451,1029,422,-1.000627629,median,Tsuboyama,Mega-scale experimental analysis of protein folding stability in biology and design,2023,10.1038/s41586-023-06328-55,1-56,Immunoglobulin G-binding protein G,Stability,cDNA display proteolysis,SPG2_STRSG_2023-08-07_b03.a2m,1,56,56,0.3,0.2,39899,0.75,42.0,2567.6,61.13333333,Medium,6.0,0.1428571429,Tsuboyama2023_Dataset2_Dataset52,ddG_ML_float,1,mut_type,SPG2_STRSG_theta0.2_2023-08-07_b03.npy,SPG2_STRSG.pdb,1.0,,Stability
40,127,SPTN1_CHICK_Rocklin_2023_1TUD,SPTN1_CHICK_Rocklin_2023_1TUD.csv,SPTN1_CHICK,Eukaryote,Gallus gallus,RQGFVPAAYVKKLDSGTGKELVLALYDYQEKSPREVTMKKGDILTLLNSTNKDWWKVEVN,60,True,3201,1051,2150,-2.360476078,median,Tsuboyama,Mega-scale experimental analysis of protein folding stability in biology and design,2023,10.1038/s41586-023-06328-56,1-60,"Spectrin alpha chain, non-erythrocytic 1",Stability,cDNA display proteolysis,SPTN1_CHICK_2023-08-07_b03.a2m,1,60,60,0.3,0.2,420793,0.933,56.0,15051.5,268.7767857,High,47.0,0.8392857143,Tsuboyama2023_Dataset2_Dataset53,ddG_ML_float,1,mut_type,SPTN1_CHICK_theta0.2_2023-08-07_b03.npy,SPTN1_CHICK.pdb,1.0,,Stability
41,129,SR43C_ARATH_Rocklin_2023_2N88,SR43C_ARATH_Rocklin_2023_2N88.csv,SR43C_ARATH,Eukaryote,Arabidopsis thaliana,AVAESVIGKRVGDDGKTIEYLVKWTDMSDATWEPQDNVDSTLVLLYQQ,48,True,1583,889,694,-1.591761235,median,Tsuboyama,Mega-scale experimental analysis of protein folding stability in biology and design,2023,10.1038/s41586-023-06328-58,1-48,"Signal recognition particle 43 kDa protein, chloroplastic",Stability,cDNA display proteolysis,SR43C_ARATH_2023-08-07_b02.a2m,1,48,48,0.2,0.2,101118,0.917,44.0,12180.6,276.8318182,High,26.0,0.5909090909,Tsuboyama2023_Dataset2_Dataset55,ddG_ML_float,1,mut_type,SR43C_ARATH_theta0.2_2023-08-07_b02.npy,SR43C_ARATH.pdb,1.0,,Stability
42,130,SRBS1_HUMAN_Rocklin_2023_2O2W,SRBS1_HUMAN_Rocklin_2023_2O2W.csv,SRBS1_HUMAN,Human,Homo sapiens,GIDPFTGEAIAKFNFNGDTQVEMSFRKGERITLLRQVDENWYEGRIPGTSRQGIFPITYVDVIKRPL,67,True,1556,1211,345,-1.169019411,median,Tsuboyama,Mega-scale experimental analysis of protein folding stability in biology and design,2023,10.1038/s41586-023-06328-59,1-67,Sorbin and SH3 domain-containing protein 1,Stability,cDNA display proteolysis,SRBS1_HUMAN_2023-08-07_b03.a2m,1,67,67,0.3,0.2,708655,0.836,56.0,22689.0,405.1607143,High,60.0,1.071428571,Tsuboyama2023_Dataset2_Dataset56,ddG_ML_float,1,mut_type,SRBS1_HUMAN_theta0.2_2023-08-07_b03.npy,SRBS1_HUMAN.pdb,1.0,,Stability
43,138,TCRG1_MOUSE_Rocklin_2023_1E0L,TCRG1_MOUSE_Rocklin_2023_1E0L.csv,TCRG1_MOUSE,Eukaryote,Mus musculus,GATAVSEWTEYKTADGKTYYYNNRTLESTWEKPQELK,37,True,1058,621,437,-1.2,manual,Tsuboyama,Mega-scale experimental analysis of protein folding stability in biology and design,2023,10.1038/s41586-023-06328-60,1-37,Transcription elongation regulator 1,Stability,cDNA display proteolysis,TCRG1_MOUSE_2023-08-07_b08.a2m,1,37,37,0.8,0.2,43363,0.865,32.0,2819.7,88.115625,Medium,14.0,0.4375,Tsuboyama2023_Dataset2_Dataset57,ddG_ML_float,1,mut_type,TCRG1_MOUSE_theta0.2_2023-08-07_b08.npy,TCRG1_MOUSE.pdb,1.0,,Stability
44,139,THO1_YEAST_Rocklin_2023_2WQG,THO1_YEAST_Rocklin_2023_2WQG.csv,THO1_YEAST,Eukaryote,Saccharomyces cerevisiae,SADYSSLTVVQLKDLLTKRNLSVGGLKNEWVQRLIKDDEES,41,True,1279,656,623,-0.7,manual,Tsuboyama,Mega-scale experimental analysis of protein folding stability in biology and design,2023,10.1038/s41586-023-06328-61,1-41,Protein THO1,Stability,cDNA display proteolysis,THO1_YEAST_2023-08-07_b05.a2m,1,41,41,0.5,0.2,54877,0.805,33.0,8516.7,258.0818182,High,15.0,0.4545454545,Tsuboyama2023_Dataset2_Dataset58,ddG_ML_float,1,mut_type,THO1_YEAST_theta0.2_2023-08-07_b05.npy,THO1_YEAST.pdb,1.0,,Stability
45,140,TNKS2_HUMAN_Rocklin_2023_5JRT,TNKS2_HUMAN_Rocklin_2023_5JRT.csv,TNKS2_HUMAN,Human,Homo sapiens,FSITQFVRNLGLEHLMDIFEREQITLRVLVEMGHKELKEIGINAYGHREKLIKGVERLI,59,True,1479,1118,361,-0.9451205822,median,Tsuboyama,Mega-scale experimental analysis of protein folding stability in biology and design,2023,10.1038/s41586-023-06328-62,1-59,Poly [ADP-ribose] polymerase tankyrase-2,Stability,cDNA display proteolysis,TNKS2_HUMAN_2023-08-07_b03.a2m,1,59,59,0.3,0.2,270654,0.949,56.0,11206.0,200.1071429,High,26.0,0.4642857143,Tsuboyama2023_Dataset2_Dataset59,ddG_ML_float,1,mut_type,TNKS2_HUMAN_theta0.2_2023-08-07_b03.npy,TNKS2_HUMAN.pdb,1.0,,Stability
46,147,UBE4B_HUMAN_Rocklin_2023_3L1X,UBE4B_HUMAN_Rocklin_2023_3L1X.csv,UBE4B_HUMAN,Human,Homo sapiens,DAPDEFRDPLMDTLMTDPVRLPSGTIMDRSIILRHLLNSPTDPFNRQTLTESMLEPVPELKEQIQAWMR,69,True,3622,1118,2504,-1.0,manual,Tsuboyama,Mega-scale experimental analysis of protein folding stability in biology and design,2023,10.1038/s41586-023-06328-63,1-69,Ubiquitin conjugation factor E4 B,Stability,cDNA display proteolysis,UBE4B_HUMAN_2023-08-07_b04.a2m,1,69,69,0.4,0.2,310943,0.928,64.0,34185.4,534.146875,High,52.0,0.8125,Tsuboyama2023_Dataset2_Dataset60,ddG_ML_float,1,mut_type,UBE4B_HUMAN_theta0.2_2023-08-07_b04.npy,UBE4B_HUMAN.pdb,1.0,,Stability
47,149,UBR5_HUMAN_Rocklin_2023_1I2T,UBR5_HUMAN_Rocklin_2023_1I2T.csv,UBR5_HUMAN,Human,Homo sapiens,HRQALGERLYPRVQAMQPAFASKITGMLLELSPAQLLLLLASEDSLRARVDEAMELII,58,True,1453,1094,359,-0.4460165437,median,Tsuboyama,Mega-scale experimental analysis of protein folding stability in biology and design,2023,10.1038/s41586-023-06328-64,1-58,E3 ubiquitin-protein ligase UBR5,Stability,cDNA display proteolysis,UBR5_HUMAN_2023-08-07_b05.a2m,1,58,58,0.5,0.2,17888,0.966,56.0,1031.7,18.42321429,Medium,14.0,0.25,Tsuboyama2023_Dataset2_Dataset61,ddG_ML_float,1,mut_type,UBR5_HUMAN_theta0.2_2023-08-07_b05.npy,UBR5_HUMAN.pdb,1.0,,Stability
48,151,VILI_CHICK_Rocklin_2023_1YU5,VILI_CHICK_Rocklin_2023_1YU5.csv,VILI_CHICK,Eukaryote,Gallus gallus,KLETFPLDVLVNTAAEDLPRGVDPSRKENHLSDEDFKAVFGMTRSAFANLPLWKQQNLKKEKGLF,65,True,2568,1202,1366,-0.7,manual,Tsuboyama,Mega-scale experimental analysis of protein folding stability in biology and design,2023,10.1038/s41586-023-06328-66,1-65,Villin-1,Stability,cDNA display proteolysis,VILI_CHICK_2023-08-07_b01.a2m,1,65,65,0.1,0.2,254210,0.769,50.0,46507.8,930.156,High,19.0,0.38,Tsuboyama2023_Dataset2_Dataset63,ddG_ML_float,1,mut_type,VILI_CHICK_theta0.2_2023-08-07_b01.npy,VILI_CHICK.pdb,1.0,,Stability
49,155,YAIA_ECOLI_Rocklin_2023_2KVT,YAIA_ECOLI_Rocklin_2023_2KVT.csv,YAIA_ECOLI,Prokaryote,Escherichia coli,PREAYIVTIEKGKPGQTVTWYQLRADHPKPDSLISEHPTAQEAMDAKKRYED,52,True,1890,928,962,-1.953132017,median,Tsuboyama,Mega-scale experimental analysis of protein folding stability in biology and design,2023,10.1038/s41586-023-06328-68,1-52,Uncharacterized protein YaiA,Stability,cDNA display proteolysis,YAIA_ECOLI_2023-08-07_b03.a2m,1,52,52,0.3,0.2,5877,0.788,41.0,737.2,17.9804878,Medium,5.0,0.1219512195,Tsuboyama2023_Dataset2_Dataset65,ddG_ML_float,1,mut_type,YAIA_ECOLI_theta0.2_2023-08-07_b03.npy,YAIA_ECOLI.pdb,1.0,,Stability
50,156,YNZC_BACSU_Rocklin_2023_2JVD,YNZC_BACSU_Rocklin_2023_2JVD.csv,YNZC_BACSU,Prokaryote,Bacillus subtilis,MISNAKIARINELAAKAKAGVITEEEKAEQQKLRQEYLK,39,True,2300,714,1586,-1.0,manual,Tsuboyama,Mega-scale experimental analysis of protein folding stability in biology and design,2023,10.1038/s41586-023-06328-69,1-39,UPF0291 protein YnzC,Stability,cDNA display proteolysis,YNZC_BACSU_2023-08-07_b07.a2m,1,39,39,0.7,0.2,7116,0.974,38.0,1588.3,41.79736842,Medium,13.0,0.3421052632,Tsuboyama2023_Dataset2_Dataset66,ddG_ML_float,1,mut_type,YNZC_BACSU_theta0.2_2023-08-07_b07.npy,YNZC_BACSU.pdb,1.0,,Stability
