mutant,mutated_sequence,DMS_score,DMS_score_bin,fold_random_5,fold_modulo_5,fold_contiguous_5
A14D,GATAVSEWTEYKTDDGKTYYYNNRTLESTWEKPQELK,-0.5072197721052127,1,2,4,0
A14E,GATAVSEWTEYKTEDGKTYYYNNRTLESTWEKPQELK,-0.2796393279293241,1,2,4,0
A14F,GATAVSEWTEYKTFDGKTYYYNNRTLESTWEKPQELK,-0.9939122252998192,1,1,4,0
A14G,GATAVSEWTEYKTGDGKTYYYNNRTLESTWEKPQELK,-0.6540575319206332,1,1,4,0
A14H,GATAVSEWTEYKTHDGKTYYYNNRTLESTWEKPQELK,-0.3559776878810679,1,4,4,0
A14I,GATAVSEWTEYKTIDGKTYYYNNRTLESTWEKPQELK,-0.3207765710770758,1,0,4,0
A14K,GATAVSEWTEYKTKDGKTYYYNNRTLESTWEKPQELK,-0.2841839135619479,1,2,4,0
A14L,GATAVSEWTEYKTLDGKTYYYNNRTLESTWEKPQELK,-0.3845483833644114,1,4,4,0
A14M,GATAVSEWTEYKTMDGKTYYYNNRTLESTWEKPQELK,-0.5581959611622245,1,4,4,0
A14N,GATAVSEWTEYKTNDGKTYYYNNRTLESTWEKPQELK,-0.5492944053557958,1,4,4,0
A14P,GATAVSEWTEYKTPDGKTYYYNNRTLESTWEKPQELK,-0.2353361531974234,1,4,4,0
A14Q,GATAVSEWTEYKTQDGKTYYYNNRTLESTWEKPQELK,-0.4431245800165828,1,3,4,0
A14R,GATAVSEWTEYKTRDGKTYYYNNRTLESTWEKPQELK,-0.4941840701111757,1,4,4,0
A14S,GATAVSEWTEYKTSDGKTYYYNNRTLESTWEKPQELK,-0.2998177166994589,1,4,4,0
A14T,GATAVSEWTEYKTTDGKTYYYNNRTLESTWEKPQELK,-0.4326997278726874,1,1,4,0
A14V,GATAVSEWTEYKTVDGKTYYYNNRTLESTWEKPQELK,-0.2736177892554647,1,0,4,0
A14W,GATAVSEWTEYKTWDGKTYYYNNRTLESTWEKPQELK,-0.5545618225092812,1,0,4,0
A14Y,GATAVSEWTEYKTYDGKTYYYNNRTLESTWEKPQELK,-1.1235566760642643,1,4,4,0
A2D,GDTAVSEWTEYKTADGKTYYYNNRTLESTWEKPQELK,-0.1708044526136758,1,0,2,0
A2E,GETAVSEWTEYKTADGKTYYYNNRTLESTWEKPQELK,-0.1788547600210757,1,2,2,0
A2F,GFTAVSEWTEYKTADGKTYYYNNRTLESTWEKPQELK,-0.2099296221915247,1,1,2,0
A2G,GGTAVSEWTEYKTADGKTYYYNNRTLESTWEKPQELK,-0.1897720194895185,1,0,2,0
A2H,GHTAVSEWTEYKTADGKTYYYNNRTLESTWEKPQELK,-0.1674690305526689,1,2,2,0
A2I,GITAVSEWTEYKTADGKTYYYNNRTLESTWEKPQELK,-0.1784519010531755,1,4,2,0
A2K,GKTAVSEWTEYKTADGKTYYYNNRTLESTWEKPQELK,-0.622219660193283,1,0,2,0
A2L,GLTAVSEWTEYKTADGKTYYYNNRTLESTWEKPQELK,-0.1482435331859268,1,2,2,0
A2M,GMTAVSEWTEYKTADGKTYYYNNRTLESTWEKPQELK,-0.1421743729560582,1,2,2,0
A2N,GNTAVSEWTEYKTADGKTYYYNNRTLESTWEKPQELK,-0.1484729396047552,1,4,2,0
A2P,GPTAVSEWTEYKTADGKTYYYNNRTLESTWEKPQELK,-0.2884526402870389,1,4,2,0
A2Q,GQTAVSEWTEYKTADGKTYYYNNRTLESTWEKPQELK,-0.0672215522318815,1,0,2,0
A2R,GRTAVSEWTEYKTADGKTYYYNNRTLESTWEKPQELK,-0.5556503069950129,1,0,2,0
A2S,GSTAVSEWTEYKTADGKTYYYNNRTLESTWEKPQELK,-0.1455867140453315,1,1,2,0
A2T,GTTAVSEWTEYKTADGKTYYYNNRTLESTWEKPQELK,-0.1745010574087486,1,0,2,0
A2V,GVTAVSEWTEYKTADGKTYYYNNRTLESTWEKPQELK,-0.1658547880049634,1,0,2,0
A2W,GWTAVSEWTEYKTADGKTYYYNNRTLESTWEKPQELK,-0.4290184674312853,1,1,2,0
A2Y,GYTAVSEWTEYKTADGKTYYYNNRTLESTWEKPQELK,-0.3216814567739541,1,3,2,0
A4D,GATDVSEWTEYKTADGKTYYYNNRTLESTWEKPQELK,-0.2846409954493274,1,3,4,0
A4E,GATEVSEWTEYKTADGKTYYYNNRTLESTWEKPQELK,-0.2475724102701932,1,1,4,0
A4F,GATFVSEWTEYKTADGKTYYYNNRTLESTWEKPQELK,-0.4578771902377188,1,2,4,0
A4G,GATGVSEWTEYKTADGKTYYYNNRTLESTWEKPQELK,-0.2394317412482394,1,4,4,0
A4H,GATHVSEWTEYKTADGKTYYYNNRTLESTWEKPQELK,-0.1522869377980025,1,1,4,0
A4I,GATIVSEWTEYKTADGKTYYYNNRTLESTWEKPQELK,-0.1299169129714674,1,3,4,0
A4K,GATKVSEWTEYKTADGKTYYYNNRTLESTWEKPQELK,-0.5493147677881529,1,3,4,0
A4L,GATLVSEWTEYKTADGKTYYYNNRTLESTWEKPQELK,-0.2139643012176009,1,2,4,0
A4M,GATMVSEWTEYKTADGKTYYYNNRTLESTWEKPQELK,-0.2019000895264868,1,3,4,0
A4N,GATNVSEWTEYKTADGKTYYYNNRTLESTWEKPQELK,-0.2348938728250917,1,4,4,0
A4P,GATPVSEWTEYKTADGKTYYYNNRTLESTWEKPQELK,-0.1935541123049668,1,4,4,0
A4Q,GATQVSEWTEYKTADGKTYYYNNRTLESTWEKPQELK,-0.1369420289399547,1,2,4,0
A4R,GATRVSEWTEYKTADGKTYYYNNRTLESTWEKPQELK,-0.6320079894613557,1,2,4,0
A4S,GATSVSEWTEYKTADGKTYYYNNRTLESTWEKPQELK,-0.1125789801003294,1,1,4,0
A4T,GATTVSEWTEYKTADGKTYYYNNRTLESTWEKPQELK,-0.0974656547525123,1,0,4,0
A4V,GATVVSEWTEYKTADGKTYYYNNRTLESTWEKPQELK,-0.0209712516428677,1,1,4,0
A4W,GATWVSEWTEYKTADGKTYYYNNRTLESTWEKPQELK,-0.2096458248830481,1,4,4,0
A4Y,GATYVSEWTEYKTADGKTYYYNNRTLESTWEKPQELK,-0.8122416982945415,1,0,4,0
D15A,GATAVSEWTEYKTAAGKTYYYNNRTLESTWEKPQELK,-0.6858073155713589,1,4,0,0
D15C,GATAVSEWTEYKTACGKTYYYNNRTLESTWEKPQELK,-0.1197886209391403,1,2,0,0
D15E,GATAVSEWTEYKTAEGKTYYYNNRTLESTWEKPQELK,-0.5096828565575673,1,2,0,0
D15F,GATAVSEWTEYKTAFGKTYYYNNRTLESTWEKPQELK,-0.9269760333321436,1,0,0,0
D15G,GATAVSEWTEYKTAGGKTYYYNNRTLESTWEKPQELK,-0.6791929293248873,1,4,0,0
D15H,GATAVSEWTEYKTAHGKTYYYNNRTLESTWEKPQELK,-1.0204017733627375,1,0,0,0
D15I,GATAVSEWTEYKTAIGKTYYYNNRTLESTWEKPQELK,-1.648809943746711,0,2,0,0
D15K,GATAVSEWTEYKTAKGKTYYYNNRTLESTWEKPQELK,-0.9729997622172112,1,3,0,0
D15L,GATAVSEWTEYKTALGKTYYYNNRTLESTWEKPQELK,-1.1210019391607848,1,1,0,0
D15M,GATAVSEWTEYKTAMGKTYYYNNRTLESTWEKPQELK,-1.0182592185887644,1,3,0,0
D15N,GATAVSEWTEYKTANGKTYYYNNRTLESTWEKPQELK,-0.5735419567678601,1,3,0,0
D15P,GATAVSEWTEYKTAPGKTYYYNNRTLESTWEKPQELK,-2.3876334368473926,0,4,0,0
D15Q,GATAVSEWTEYKTAQGKTYYYNNRTLESTWEKPQELK,-0.6727251412321782,1,1,0,0
D15R,GATAVSEWTEYKTARGKTYYYNNRTLESTWEKPQELK,-1.216287355982553,0,1,0,0
D15S,GATAVSEWTEYKTASGKTYYYNNRTLESTWEKPQELK,-0.4622151064895203,1,3,0,0
D15T,GATAVSEWTEYKTATGKTYYYNNRTLESTWEKPQELK,-0.5612204377191108,1,2,0,0
D15V,GATAVSEWTEYKTAVGKTYYYNNRTLESTWEKPQELK,-1.610365060994766,0,0,0,0
D15W,GATAVSEWTEYKTAWGKTYYYNNRTLESTWEKPQELK,-0.804417896506118,1,3,0,0
D15Y,GATAVSEWTEYKTAYGKTYYYNNRTLESTWEKPQELK,-0.7915680027762215,1,3,0,0
E10A,GATAVSEWTAYKTADGKTYYYNNRTLESTWEKPQELK,-0.465667744383258,1,4,0,0
E10D,GATAVSEWTDYKTADGKTYYYNNRTLESTWEKPQELK,-1.8249584843776128,0,3,0,0
E10F,GATAVSEWTFYKTADGKTYYYNNRTLESTWEKPQELK,-1.134715038297327,1,0,0,0
E10G,GATAVSEWTGYKTADGKTYYYNNRTLESTWEKPQELK,-1.8309778154178789,0,2,0,0
E10H,GATAVSEWTHYKTADGKTYYYNNRTLESTWEKPQELK,-1.3705076045186866,0,4,0,0
E10I,GATAVSEWTIYKTADGKTYYYNNRTLESTWEKPQELK,-0.3008434112711184,1,3,0,0
E10K,GATAVSEWTKYKTADGKTYYYNNRTLESTWEKPQELK,-1.0267855936756352,1,1,0,0
E10L,GATAVSEWTLYKTADGKTYYYNNRTLESTWEKPQELK,-0.8832135245091999,1,3,0,0
E10M,GATAVSEWTMYKTADGKTYYYNNRTLESTWEKPQELK,-0.4490594418985845,1,2,0,0
E10N,GATAVSEWTNYKTADGKTYYYNNRTLESTWEKPQELK,-1.7833995164817718,0,3,0,0
E10P,GATAVSEWTPYKTADGKTYYYNNRTLESTWEKPQELK,-0.9905251868156624,1,4,0,0
E10Q,GATAVSEWTQYKTADGKTYYYNNRTLESTWEKPQELK,-0.578943140326627,1,4,0,0
E10R,GATAVSEWTRYKTADGKTYYYNNRTLESTWEKPQELK,-1.269836517948326,0,2,0,0
E10S,GATAVSEWTSYKTADGKTYYYNNRTLESTWEKPQELK,-0.9379486371971022,1,3,0,0
E10T,GATAVSEWTTYKTADGKTYYYNNRTLESTWEKPQELK,-0.5018478628849392,1,4,0,0
E10V,GATAVSEWTVYKTADGKTYYYNNRTLESTWEKPQELK,-0.2282937652624723,1,2,0,0
E10W,GATAVSEWTWYKTADGKTYYYNNRTLESTWEKPQELK,-0.8579243240808239,1,2,0,0
E10Y,GATAVSEWTYYKTADGKTYYYNNRTLESTWEKPQELK,-1.2211104087686722,0,1,0,0
E27A,GATAVSEWTEYKTADGKTYYYNNRTLASTWEKPQELK,-0.9776278385936276,1,3,2,0
E27D,GATAVSEWTEYKTADGKTYYYNNRTLDSTWEKPQELK,-1.225129435136986,0,0,2,0
E27F,GATAVSEWTEYKTADGKTYYYNNRTLFSTWEKPQELK,-1.245745715368806,0,0,2,0
E27G,GATAVSEWTEYKTADGKTYYYNNRTLGSTWEKPQELK,-1.565391930760351,0,1,2,0
E27H,GATAVSEWTEYKTADGKTYYYNNRTLHSTWEKPQELK,-1.2401873987200729,0,2,2,0
E27I,GATAVSEWTEYKTADGKTYYYNNRTLISTWEKPQELK,-0.712671009052996,1,1,2,0
E27K,GATAVSEWTEYKTADGKTYYYNNRTLKSTWEKPQELK,-0.7116611176068517,1,1,2,0
E27L,GATAVSEWTEYKTADGKTYYYNNRTLLSTWEKPQELK,-0.7529797737560666,1,3,2,0
E27M,GATAVSEWTEYKTADGKTYYYNNRTLMSTWEKPQELK,-0.6928669102112468,1,0,2,0
E27N,GATAVSEWTEYKTADGKTYYYNNRTLNSTWEKPQELK,-1.1514430271669835,1,3,2,0
E27P,GATAVSEWTEYKTADGKTYYYNNRTLPSTWEKPQELK,-2.659079447496879,0,3,2,0
E27Q,GATAVSEWTEYKTADGKTYYYNNRTLQSTWEKPQELK,-0.4212490906465875,1,3,2,0
E27R,GATAVSEWTEYKTADGKTYYYNNRTLRSTWEKPQELK,-1.0090783931410408,1,0,2,0
E27S,GATAVSEWTEYKTADGKTYYYNNRTLSSTWEKPQELK,-1.0661834371595889,1,4,2,0
E27T,GATAVSEWTEYKTADGKTYYYNNRTLTSTWEKPQELK,-0.7383697466830694,1,3,2,0
E27V,GATAVSEWTEYKTADGKTYYYNNRTLVSTWEKPQELK,-0.599596339011907,1,0,2,0
E27W,GATAVSEWTEYKTADGKTYYYNNRTLWSTWEKPQELK,-1.601657590793414,0,0,2,0
E27Y,GATAVSEWTEYKTADGKTYYYNNRTLYSTWEKPQELK,-1.1147332415225022,1,1,2,0
E31A,GATAVSEWTEYKTADGKTYYYNNRTLESTWAKPQELK,-0.8162330335964254,1,1,1,0
E31D,GATAVSEWTEYKTADGKTYYYNNRTLESTWDKPQELK,-0.331296476828451,1,2,1,0
E31F,GATAVSEWTEYKTADGKTYYYNNRTLESTWFKPQELK,-0.5928548183813471,1,2,1,0
E31G,GATAVSEWTEYKTADGKTYYYNNRTLESTWGKPQELK,-1.2655767614022602,0,2,1,0
E31H,GATAVSEWTEYKTADGKTYYYNNRTLESTWHKPQELK,-0.5949218464956068,1,1,1,0
E31I,GATAVSEWTEYKTADGKTYYYNNRTLESTWIKPQELK,-0.2631723652094515,1,3,1,0
E31K,GATAVSEWTEYKTADGKTYYYNNRTLESTWKKPQELK,-0.8660088722623622,1,4,1,0
E31L,GATAVSEWTEYKTADGKTYYYNNRTLESTWLKPQELK,-0.5567576972347381,1,2,1,0
E31M,GATAVSEWTEYKTADGKTYYYNNRTLESTWMKPQELK,-0.7589184859229883,1,4,1,0
E31N,GATAVSEWTEYKTADGKTYYYNNRTLESTWNKPQELK,-0.7382657822525367,1,4,1,0
E31P,GATAVSEWTEYKTADGKTYYYNNRTLESTWPKPQELK,-1.9509668970545613,0,2,1,0
E31Q,GATAVSEWTEYKTADGKTYYYNNRTLESTWQKPQELK,-0.5635963952320999,1,1,1,0
E31R,GATAVSEWTEYKTADGKTYYYNNRTLESTWRKPQELK,-0.9260024422030262,1,2,1,0
E31S,GATAVSEWTEYKTADGKTYYYNNRTLESTWSKPQELK,-0.8023531837002826,1,0,1,0
E31T,GATAVSEWTEYKTADGKTYYYNNRTLESTWTKPQELK,-0.3590138785059307,1,1,1,0
E31V,GATAVSEWTEYKTADGKTYYYNNRTLESTWVKPQELK,-0.2533532361828494,1,2,1,0
E31W,GATAVSEWTEYKTADGKTYYYNNRTLESTWWKPQELK,-0.9161105411928304,1,1,1,0
E31Y,GATAVSEWTEYKTADGKTYYYNNRTLESTWYKPQELK,-0.6769854109730309,1,3,1,0
E35A,GATAVSEWTEYKTADGKTYYYNNRTLESTWEKPQALK,-0.3521311219079828,1,2,0,1
E35C,GATAVSEWTEYKTADGKTYYYNNRTLESTWEKPQCLK,0.0948781044503817,1,1,0,1
E35D,GATAVSEWTEYKTADGKTYYYNNRTLESTWEKPQDLK,-0.3562896185130308,1,1,0,1
E35F,GATAVSEWTEYKTADGKTYYYNNRTLESTWEKPQFLK,-0.7799843344998214,1,3,0,1
E35G,GATAVSEWTEYKTADGKTYYYNNRTLESTWEKPQGLK,-0.5273289274137039,1,1,0,1
E35H,GATAVSEWTEYKTADGKTYYYNNRTLESTWEKPQHLK,-0.7728052930504758,1,0,0,1
E35I,GATAVSEWTEYKTADGKTYYYNNRTLESTWEKPQILK,-0.8127433581360219,1,0,0,1
E35K,GATAVSEWTEYKTADGKTYYYNNRTLESTWEKPQKLK,-1.0852914217172018,1,3,0,1
E35L,GATAVSEWTEYKTADGKTYYYNNRTLESTWEKPQLLK,-0.8749020176418278,1,2,0,1
E35M,GATAVSEWTEYKTADGKTYYYNNRTLESTWEKPQMLK,-0.9131184938742138,1,3,0,1
E35N,GATAVSEWTEYKTADGKTYYYNNRTLESTWEKPQNLK,-0.5693957853273588,1,4,0,1
E35P,GATAVSEWTEYKTADGKTYYYNNRTLESTWEKPQPLK,-0.8648700789961348,1,1,0,1
E35Q,GATAVSEWTEYKTADGKTYYYNNRTLESTWEKPQQLK,-0.6433711864329874,1,4,0,1
E35R,GATAVSEWTEYKTADGKTYYYNNRTLESTWEKPQRLK,-1.4265182203043918,0,3,0,1
E35S,GATAVSEWTEYKTADGKTYYYNNRTLESTWEKPQSLK,-0.3492549361410351,1,3,0,1
E35T,GATAVSEWTEYKTADGKTYYYNNRTLESTWEKPQTLK,-0.8546082285741055,1,0,0,1
E35V,GATAVSEWTEYKTADGKTYYYNNRTLESTWEKPQVLK,-0.7433212782480778,1,2,0,1
E35W,GATAVSEWTEYKTADGKTYYYNNRTLESTWEKPQWLK,-0.9119450148485946,1,0,0,1
E35Y,GATAVSEWTEYKTADGKTYYYNNRTLESTWEKPQYLK,-0.6890306723390665,1,2,0,1
E7A,GATAVSAWTEYKTADGKTYYYNNRTLESTWEKPQELK,-0.739880411721693,1,1,2,1
E7D,GATAVSDWTEYKTADGKTYYYNNRTLESTWEKPQELK,-0.2131262856572022,1,4,2,1
E7F,GATAVSFWTEYKTADGKTYYYNNRTLESTWEKPQELK,-0.6398019634511445,1,2,2,1
E7G,GATAVSGWTEYKTADGKTYYYNNRTLESTWEKPQELK,-0.8201572570689235,1,0,2,1
E7H,GATAVSHWTEYKTADGKTYYYNNRTLESTWEKPQELK,-0.6868242608851713,1,2,2,1
E7I,GATAVSIWTEYKTADGKTYYYNNRTLESTWEKPQELK,-0.805078117675011,1,1,2,1
E7K,GATAVSKWTEYKTADGKTYYYNNRTLESTWEKPQELK,-1.388154463872591,0,2,2,1
E7L,GATAVSLWTEYKTADGKTYYYNNRTLESTWEKPQELK,-0.8538011753979271,1,4,2,1
E7M,GATAVSMWTEYKTADGKTYYYNNRTLESTWEKPQELK,-0.925471879157437,1,1,2,1
E7N,GATAVSNWTEYKTADGKTYYYNNRTLESTWEKPQELK,-0.7896874181902431,1,4,2,1
E7P,GATAVSPWTEYKTADGKTYYYNNRTLESTWEKPQELK,-0.7969370051119127,1,4,2,1
E7Q,GATAVSQWTEYKTADGKTYYYNNRTLESTWEKPQELK,-0.8173586503015635,1,4,2,1
E7R,GATAVSRWTEYKTADGKTYYYNNRTLESTWEKPQELK,-1.4638839652653182,0,4,2,1
E7S,GATAVSSWTEYKTADGKTYYYNNRTLESTWEKPQELK,-0.958273901727813,1,4,2,1
E7T,GATAVSTWTEYKTADGKTYYYNNRTLESTWEKPQELK,-0.8316869494296459,1,2,2,1
E7V,GATAVSVWTEYKTADGKTYYYNNRTLESTWEKPQELK,-0.7268554960705069,1,1,2,1
E7W,GATAVSWWTEYKTADGKTYYYNNRTLESTWEKPQELK,-0.6382758735149925,1,2,2,1
E7Y,GATAVSYWTEYKTADGKTYYYNNRTLESTWEKPQELK,-0.7616309942020851,1,1,2,1
G16A,GATAVSEWTEYKTADAKTYYYNNRTLESTWEKPQELK,-1.9219171534776696,0,1,1,1
G16D,GATAVSEWTEYKTADDKTYYYNNRTLESTWEKPQELK,-1.405523211464454,0,2,1,1
G16E,GATAVSEWTEYKTADEKTYYYNNRTLESTWEKPQELK,-1.8080300987428584,0,4,1,1
G16F,GATAVSEWTEYKTADFKTYYYNNRTLESTWEKPQELK,-1.929758901188727,0,2,1,1
G16H,GATAVSEWTEYKTADHKTYYYNNRTLESTWEKPQELK,-1.7767613303223346,0,1,1,1
G16I,GATAVSEWTEYKTADIKTYYYNNRTLESTWEKPQELK,-3.177534912959372,0,0,1,1
G16K,GATAVSEWTEYKTADKKTYYYNNRTLESTWEKPQELK,-2.058862660962251,0,2,1,1
G16L,GATAVSEWTEYKTADLKTYYYNNRTLESTWEKPQELK,-2.0734295919219496,0,2,1,1
G16M,GATAVSEWTEYKTADMKTYYYNNRTLESTWEKPQELK,-1.8273003461308808,0,2,1,1
G16N,GATAVSEWTEYKTADNKTYYYNNRTLESTWEKPQELK,-1.3483937195559708,0,2,1,1
G16P,GATAVSEWTEYKTADPKTYYYNNRTLESTWEKPQELK,-3.202577782159697,0,2,1,1
G16Q,GATAVSEWTEYKTADQKTYYYNNRTLESTWEKPQELK,-1.6999785886121508,0,3,1,1
G16R,GATAVSEWTEYKTADRKTYYYNNRTLESTWEKPQELK,-2.2269080921731184,0,1,1,1
G16S,GATAVSEWTEYKTADSKTYYYNNRTLESTWEKPQELK,-1.8200171968293544,0,1,1,1
G16T,GATAVSEWTEYKTADTKTYYYNNRTLESTWEKPQELK,-2.574251913887876,0,4,1,1
G16V,GATAVSEWTEYKTADVKTYYYNNRTLESTWEKPQELK,-3.247795882188573,0,3,1,1
G16W,GATAVSEWTEYKTADWKTYYYNNRTLESTWEKPQELK,-2.146395601771297,0,2,1,1
G16Y,GATAVSEWTEYKTADYKTYYYNNRTLESTWEKPQELK,-2.2474718223376287,0,3,1,1
G1A,AATAVSEWTEYKTADGKTYYYNNRTLESTWEKPQELK,-0.1039025735049721,1,2,1,1
G1D,DATAVSEWTEYKTADGKTYYYNNRTLESTWEKPQELK,-0.1775699234587229,1,4,1,1
G1E,EATAVSEWTEYKTADGKTYYYNNRTLESTWEKPQELK,-0.2192838778718004,1,0,1,1
G1F,FATAVSEWTEYKTADGKTYYYNNRTLESTWEKPQELK,-0.1335596522066278,1,4,1,1
G1H,HATAVSEWTEYKTADGKTYYYNNRTLESTWEKPQELK,-0.0774483262662988,1,0,1,1
G1I,IATAVSEWTEYKTADGKTYYYNNRTLESTWEKPQELK,-0.0316854449496588,1,3,1,1
G1K,KATAVSEWTEYKTADGKTYYYNNRTLESTWEKPQELK,-0.6641405976288923,1,0,1,1
G1L,LATAVSEWTEYKTADGKTYYYNNRTLESTWEKPQELK,-0.111664821132313,1,0,1,1
G1M,MATAVSEWTEYKTADGKTYYYNNRTLESTWEKPQELK,-0.090176254001085,1,0,1,1
G1N,NATAVSEWTEYKTADGKTYYYNNRTLESTWEKPQELK,-0.1230522356130037,1,3,1,1
G1P,PATAVSEWTEYKTADGKTYYYNNRTLESTWEKPQELK,-0.116312263172055,1,3,1,1
G1Q,QATAVSEWTEYKTADGKTYYYNNRTLESTWEKPQELK,-0.134363487967859,1,1,1,1
G1R,RATAVSEWTEYKTADGKTYYYNNRTLESTWEKPQELK,-0.647719063958764,1,4,1,1
G1S,SATAVSEWTEYKTADGKTYYYNNRTLESTWEKPQELK,-0.1797753018583514,1,2,1,1
G1T,TATAVSEWTEYKTADGKTYYYNNRTLESTWEKPQELK,-0.097134799270941,1,3,1,1
G1V,VATAVSEWTEYKTADGKTYYYNNRTLESTWEKPQELK,-0.1463518080439336,1,1,1,1
G1W,WATAVSEWTEYKTADGKTYYYNNRTLESTWEKPQELK,-0.2253129615166655,1,3,1,1
G1Y,YATAVSEWTEYKTADGKTYYYNNRTLESTWEKPQELK,-0.2835035209393015,1,3,1,1
K12A,GATAVSEWTEYATADGKTYYYNNRTLESTWEKPQELK,-0.9411838476424343,1,4,2,1
K12D,GATAVSEWTEYDTADGKTYYYNNRTLESTWEKPQELK,-1.94830466411944,0,1,2,1
K12E,GATAVSEWTEYETADGKTYYYNNRTLESTWEKPQELK,-0.9108148824023128,1,3,2,1
K12F,GATAVSEWTEYFTADGKTYYYNNRTLESTWEKPQELK,-0.62234602498319,1,2,2,1
K12G,GATAVSEWTEYGTADGKTYYYNNRTLESTWEKPQELK,-1.7505869843414936,0,1,2,1
K12H,GATAVSEWTEYHTADGKTYYYNNRTLESTWEKPQELK,-0.4915997011409065,1,0,2,1
K12I,GATAVSEWTEYITADGKTYYYNNRTLESTWEKPQELK,-0.2384967859931062,1,2,2,1
K12L,GATAVSEWTEYLTADGKTYYYNNRTLESTWEKPQELK,-0.4159559933121044,1,2,2,1
K12M,GATAVSEWTEYMTADGKTYYYNNRTLESTWEKPQELK,-0.3305375767448355,1,3,2,1
K12N,GATAVSEWTEYNTADGKTYYYNNRTLESTWEKPQELK,-1.0213707027875176,1,2,2,1
K12P,GATAVSEWTEYPTADGKTYYYNNRTLESTWEKPQELK,-1.8918686899618768,0,3,2,1
K12Q,GATAVSEWTEYQTADGKTYYYNNRTLESTWEKPQELK,-0.3650063811250112,1,3,2,1
K12R,GATAVSEWTEYRTADGKTYYYNNRTLESTWEKPQELK,-0.0339344969383015,1,3,2,1
K12S,GATAVSEWTEYSTADGKTYYYNNRTLESTWEKPQELK,-0.730257025856943,1,1,2,1
K12T,GATAVSEWTEYTTADGKTYYYNNRTLESTWEKPQELK,-0.2601833133322366,1,3,2,1
K12V,GATAVSEWTEYVTADGKTYYYNNRTLESTWEKPQELK,-0.2025508517336933,1,3,2,1
K12W,GATAVSEWTEYWTADGKTYYYNNRTLESTWEKPQELK,-0.8321346555386411,1,1,2,1
K12Y,GATAVSEWTEYYTADGKTYYYNNRTLESTWEKPQELK,-0.535209181558939,1,4,2,1
K17A,GATAVSEWTEYKTADGATYYYNNRTLESTWEKPQELK,-0.7411661312482942,1,0,2,1
K17D,GATAVSEWTEYKTADGDTYYYNNRTLESTWEKPQELK,-0.9041469095984078,1,2,2,1
K17E,GATAVSEWTEYKTADGETYYYNNRTLESTWEKPQELK,-0.5986646355292957,1,0,2,1
K17F,GATAVSEWTEYKTADGFTYYYNNRTLESTWEKPQELK,-0.608917808783398,1,2,2,1
K17G,GATAVSEWTEYKTADGGTYYYNNRTLESTWEKPQELK,-0.9652425728443156,1,1,2,1
K17H,GATAVSEWTEYKTADGHTYYYNNRTLESTWEKPQELK,-0.5482569667205142,1,0,2,1
K17I,GATAVSEWTEYKTADGITYYYNNRTLESTWEKPQELK,-0.5599750817190792,1,2,2,1
K17L,GATAVSEWTEYKTADGLTYYYNNRTLESTWEKPQELK,-0.4114021836895194,1,2,2,1
K17M,GATAVSEWTEYKTADGMTYYYNNRTLESTWEKPQELK,-0.6527757520257151,1,4,2,1
K17N,GATAVSEWTEYKTADGNTYYYNNRTLESTWEKPQELK,-0.8079010687708454,1,0,2,1
K17P,GATAVSEWTEYKTADGPTYYYNNRTLESTWEKPQELK,-2.178733370643832,0,3,2,1
K17Q,GATAVSEWTEYKTADGQTYYYNNRTLESTWEKPQELK,-0.4303983587630147,1,1,2,1
K17R,GATAVSEWTEYKTADGRTYYYNNRTLESTWEKPQELK,0.1081827199597964,1,0,2,1
K17S,GATAVSEWTEYKTADGSTYYYNNRTLESTWEKPQELK,-0.8204803080588159,1,4,2,1
K17T,GATAVSEWTEYKTADGTTYYYNNRTLESTWEKPQELK,-0.6082236608991161,1,4,2,1
K17V,GATAVSEWTEYKTADGVTYYYNNRTLESTWEKPQELK,-0.4816121234916748,1,0,2,1
K17W,GATAVSEWTEYKTADGWTYYYNNRTLESTWEKPQELK,-0.958834208218196,1,3,2,1
K17Y,GATAVSEWTEYKTADGYTYYYNNRTLESTWEKPQELK,-0.6881894995796727,1,0,2,1
K32A,GATAVSEWTEYKTADGKTYYYNNRTLESTWEAPQELK,-0.6962367702592736,1,2,2,1
K32D,GATAVSEWTEYKTADGKTYYYNNRTLESTWEDPQELK,-1.1709554153322828,1,0,2,1
K32E,GATAVSEWTEYKTADGKTYYYNNRTLESTWEEPQELK,-0.7230162090314676,1,3,2,1
K32F,GATAVSEWTEYKTADGKTYYYNNRTLESTWEFPQELK,-0.8974140651790228,1,4,2,1
K32G,GATAVSEWTEYKTADGKTYYYNNRTLESTWEGPQELK,-1.5033429917093484,0,0,2,1
K32H,GATAVSEWTEYKTADGKTYYYNNRTLESTWEHPQELK,-1.1591604498996946,1,1,2,1
K32I,GATAVSEWTEYKTADGKTYYYNNRTLESTWEIPQELK,-0.3523879070505393,1,2,2,1
K32L,GATAVSEWTEYKTADGKTYYYNNRTLESTWELPQELK,-0.4833890590506748,1,4,2,1
K32M,GATAVSEWTEYKTADGKTYYYNNRTLESTWEMPQELK,-0.2295250576323639,1,2,2,1
K32N,GATAVSEWTEYKTADGKTYYYNNRTLESTWENPQELK,-0.988765574540871,1,3,2,1
K32P,GATAVSEWTEYKTADGKTYYYNNRTLESTWEPPQELK,-0.6560914710315795,1,1,2,1
K32Q,GATAVSEWTEYKTADGKTYYYNNRTLESTWEQPQELK,-0.5622009117497773,1,2,2,1
K32R,GATAVSEWTEYKTADGKTYYYNNRTLESTWERPQELK,-0.3883281982146376,1,4,2,1
K32S,GATAVSEWTEYKTADGKTYYYNNRTLESTWESPQELK,-1.2083375192812882,0,4,2,1
K32T,GATAVSEWTEYKTADGKTYYYNNRTLESTWETPQELK,-0.564468361289391,1,0,2,1
K32V,GATAVSEWTEYKTADGKTYYYNNRTLESTWEVPQELK,-0.4153905607691897,1,1,2,1
K32W,GATAVSEWTEYKTADGKTYYYNNRTLESTWEWPQELK,-1.215374454148649,0,4,2,1
K32Y,GATAVSEWTEYKTADGKTYYYNNRTLESTWEYPQELK,-0.95272480802031,1,2,2,1
K37A,GATAVSEWTEYKTADGKTYYYNNRTLESTWEKPQELA,-0.0061120664416924,1,2,2,2
K37C,GATAVSEWTEYKTADGKTYYYNNRTLESTWEKPQELC,0.0555986069343004,1,4,2,2
K37D,GATAVSEWTEYKTADGKTYYYNNRTLESTWEKPQELD,-0.0710443732228984,1,3,2,2
K37E,GATAVSEWTEYKTADGKTYYYNNRTLESTWEKPQELE,-0.0695522975240274,1,2,2,2
K37F,GATAVSEWTEYKTADGKTYYYNNRTLESTWEKPQELF,-0.0129114163157555,1,1,2,2
K37G,GATAVSEWTEYKTADGKTYYYNNRTLESTWEKPQELG,0.0735532386322108,1,4,2,2
K37H,GATAVSEWTEYKTADGKTYYYNNRTLESTWEKPQELH,-0.1368193836521594,1,1,2,2
K37I,GATAVSEWTEYKTADGKTYYYNNRTLESTWEKPQELI,0.0065546263664875,1,1,2,2
K37L,GATAVSEWTEYKTADGKTYYYNNRTLESTWEKPQELL,0.0366675319149982,1,4,2,2
K37M,GATAVSEWTEYKTADGKTYYYNNRTLESTWEKPQELM,0.1677942110612549,1,2,2,2
K37N,GATAVSEWTEYKTADGKTYYYNNRTLESTWEKPQELN,-0.073001107991979,1,4,2,2
K37P,GATAVSEWTEYKTADGKTYYYNNRTLESTWEKPQELP,-0.5367255871274232,1,4,2,2
K37Q,GATAVSEWTEYKTADGKTYYYNNRTLESTWEKPQELQ,-0.0221214844544976,1,0,2,2
K37R,GATAVSEWTEYKTADGKTYYYNNRTLESTWEKPQELR,-0.1429901373804618,1,2,2,2
K37S,GATAVSEWTEYKTADGKTYYYNNRTLESTWEKPQELS,0.0056316334824502,1,2,2,2
K37T,GATAVSEWTEYKTADGKTYYYNNRTLESTWEKPQELT,-0.0810304844627931,1,2,2,2
K37V,GATAVSEWTEYKTADGKTYYYNNRTLESTWEKPQELV,-0.0390884432824654,1,2,2,2
K37W,GATAVSEWTEYKTADGKTYYYNNRTLESTWEKPQELW,-0.2743641987699838,1,3,2,2
K37Y,GATAVSEWTEYKTADGKTYYYNNRTLESTWEKPQELY,-0.073759387059709,1,2,2,2
L26A,GATAVSEWTEYKTADGKTYYYNNRTAESTWEKPQELK,-0.2248036281386434,1,4,1,2
L26F,GATAVSEWTEYKTADGKTYYYNNRTFESTWEKPQELK,-0.0122751270592504,1,3,1,2
L26G,GATAVSEWTEYKTADGKTYYYNNRTGESTWEKPQELK,0.7632159573566892,1,1,1,2
L26H,GATAVSEWTEYKTADGKTYYYNNRTHESTWEKPQELK,0.4797396585718396,1,0,1,2
L26I,GATAVSEWTEYKTADGKTYYYNNRTIESTWEKPQELK,-1.790048530433344,0,4,1,2
L26K,GATAVSEWTEYKTADGKTYYYNNRTKESTWEKPQELK,0.1894075868011251,1,3,1,2
L26M,GATAVSEWTEYKTADGKTYYYNNRTMESTWEKPQELK,-0.0537235655106145,1,3,1,2
L26N,GATAVSEWTEYKTADGKTYYYNNRTNESTWEKPQELK,0.0338000121546211,1,3,1,2
L26P,GATAVSEWTEYKTADGKTYYYNNRTPESTWEKPQELK,-2.4139663857450464,0,0,1,2
L26Q,GATAVSEWTEYKTADGKTYYYNNRTQESTWEKPQELK,0.1223349873463321,1,3,1,2
L26R,GATAVSEWTEYKTADGKTYYYNNRTRESTWEKPQELK,-0.1867401208162533,1,2,1,2
L26S,GATAVSEWTEYKTADGKTYYYNNRTSESTWEKPQELK,-0.2738580698504314,1,0,1,2
L26T,GATAVSEWTEYKTADGKTYYYNNRTTESTWEKPQELK,-0.5014107951919153,1,4,1,2
L26V,GATAVSEWTEYKTADGKTYYYNNRTVESTWEKPQELK,-1.904717482615964,0,2,1,2
L26W,GATAVSEWTEYKTADGKTYYYNNRTWESTWEKPQELK,-0.6423889832489036,1,3,1,2
L26Y,GATAVSEWTEYKTADGKTYYYNNRTYESTWEKPQELK,-0.1744674793849436,1,4,1,2
L36A,GATAVSEWTEYKTADGKTYYYNNRTLESTWEKPQEAK,-0.8054219601245949,1,4,1,2
L36C,GATAVSEWTEYKTADGKTYYYNNRTLESTWEKPQECK,-0.2981797175306453,1,4,1,2
L36D,GATAVSEWTEYKTADGKTYYYNNRTLESTWEKPQEDK,-0.6862097843156829,1,4,1,2
L36E,GATAVSEWTEYKTADGKTYYYNNRTLESTWEKPQEEK,-0.7552915475971211,1,4,1,2
L36F,GATAVSEWTEYKTADGKTYYYNNRTLESTWEKPQEFK,-0.2051070638620853,1,0,1,2
L36G,GATAVSEWTEYKTADGKTYYYNNRTLESTWEKPQEGK,-0.7556275615498163,1,1,1,2
L36H,GATAVSEWTEYKTADGKTYYYNNRTLESTWEKPQEHK,-0.4701694777628025,1,3,1,2
L36I,GATAVSEWTEYKTADGKTYYYNNRTLESTWEKPQEIK,-0.5692550743595661,1,1,1,2
L36K,GATAVSEWTEYKTADGKTYYYNNRTLESTWEKPQEKK,-1.2137457811267502,0,1,1,2
L36M,GATAVSEWTEYKTADGKTYYYNNRTLESTWEKPQEMK,-0.4126107916223254,1,0,1,2
L36N,GATAVSEWTEYKTADGKTYYYNNRTLESTWEKPQENK,-0.7408117499371014,1,0,1,2
L36P,GATAVSEWTEYKTADGKTYYYNNRTLESTWEKPQEPK,-0.9524986961855544,1,4,1,2
L36Q,GATAVSEWTEYKTADGKTYYYNNRTLESTWEKPQEQK,-0.8411204201029479,1,0,1,2
L36R,GATAVSEWTEYKTADGKTYYYNNRTLESTWEKPQERK,-1.2736248091601328,0,1,1,2
L36S,GATAVSEWTEYKTADGKTYYYNNRTLESTWEKPQESK,-0.6600959718655659,1,0,1,2
L36T,GATAVSEWTEYKTADGKTYYYNNRTLESTWEKPQETK,-0.779060476237357,1,2,1,2
L36V,GATAVSEWTEYKTADGKTYYYNNRTLESTWEKPQEVK,-0.6529160284046696,1,3,1,2
L36W,GATAVSEWTEYKTADGKTYYYNNRTLESTWEKPQEWK,-0.5522832377636084,1,4,1,2
L36Y,GATAVSEWTEYKTADGKTYYYNNRTLESTWEKPQEYK,-0.198125145781943,1,2,1,2
N22A,GATAVSEWTEYKTADGKTYYYANRTLESTWEKPQELK,-2.5997902520456613,0,2,2,2
N22D,GATAVSEWTEYKTADGKTYYYDNRTLESTWEKPQELK,-2.132095230988709,0,3,2,2
N22E,GATAVSEWTEYKTADGKTYYYENRTLESTWEKPQELK,-2.684419421706217,0,0,2,2
N22F,GATAVSEWTEYKTADGKTYYYFNRTLESTWEKPQELK,-2.4005512171082453,0,3,2,2
N22G,GATAVSEWTEYKTADGKTYYYGNRTLESTWEKPQELK,-2.6263461867777,0,3,2,2
N22H,GATAVSEWTEYKTADGKTYYYHNRTLESTWEKPQELK,-1.821678997918098,0,4,2,2
N22I,GATAVSEWTEYKTADGKTYYYINRTLESTWEKPQELK,-2.50647800848063,0,4,2,2
N22K,GATAVSEWTEYKTADGKTYYYKNRTLESTWEKPQELK,-2.136977000262429,0,2,2,2
N22L,GATAVSEWTEYKTADGKTYYYLNRTLESTWEKPQELK,-2.3575120416053763,0,1,2,2
N22M,GATAVSEWTEYKTADGKTYYYMNRTLESTWEKPQELK,-2.647227242968899,0,1,2,2
N22P,GATAVSEWTEYKTADGKTYYYPNRTLESTWEKPQELK,-2.5831791226077043,0,4,2,2
N22Q,GATAVSEWTEYKTADGKTYYYQNRTLESTWEKPQELK,-2.6828496302253533,0,0,2,2
N22R,GATAVSEWTEYKTADGKTYYYRNRTLESTWEKPQELK,-2.374309202425843,0,0,2,2
N22S,GATAVSEWTEYKTADGKTYYYSNRTLESTWEKPQELK,-1.5593230541148202,0,3,2,2
N22T,GATAVSEWTEYKTADGKTYYYTNRTLESTWEKPQELK,-2.679670896460234,0,2,2,2
N22V,GATAVSEWTEYKTADGKTYYYVNRTLESTWEKPQELK,-2.591776657127956,0,0,2,2
N22W,GATAVSEWTEYKTADGKTYYYWNRTLESTWEKPQELK,-2.1220857218071085,0,0,2,2
N22Y,GATAVSEWTEYKTADGKTYYYYNRTLESTWEKPQELK,-2.213064514936472,0,1,2,2
N23A,GATAVSEWTEYKTADGKTYYYNARTLESTWEKPQELK,-0.4016737281648637,1,0,3,2
N23D,GATAVSEWTEYKTADGKTYYYNDRTLESTWEKPQELK,-0.8271981591721729,1,1,3,2
N23E,GATAVSEWTEYKTADGKTYYYNERTLESTWEKPQELK,-0.509170773653898,1,1,3,2
N23F,GATAVSEWTEYKTADGKTYYYNFRTLESTWEKPQELK,-0.4588119490774578,1,2,3,2
N23G,GATAVSEWTEYKTADGKTYYYNGRTLESTWEKPQELK,-0.870812647847703,1,1,3,2
N23H,GATAVSEWTEYKTADGKTYYYNHRTLESTWEKPQELK,0.0753770306081751,1,1,3,2
N23I,GATAVSEWTEYKTADGKTYYYNIRTLESTWEKPQELK,-0.3061274395453557,1,4,3,2
N23K,GATAVSEWTEYKTADGKTYYYNKRTLESTWEKPQELK,-0.3028949595251675,1,1,3,2
N23L,GATAVSEWTEYKTADGKTYYYNLRTLESTWEKPQELK,-0.573929334273338,1,3,3,2
N23M,GATAVSEWTEYKTADGKTYYYNMRTLESTWEKPQELK,-0.409255682347013,1,0,3,2
N23P,GATAVSEWTEYKTADGKTYYYNPRTLESTWEKPQELK,-0.8362085331990763,1,4,3,2
N23Q,GATAVSEWTEYKTADGKTYYYNQRTLESTWEKPQELK,-0.3760511060708427,1,4,3,2
N23R,GATAVSEWTEYKTADGKTYYYNRRTLESTWEKPQELK,-0.3193364102733151,1,0,3,2
N23S,GATAVSEWTEYKTADGKTYYYNSRTLESTWEKPQELK,-0.2545489448347053,1,0,3,2
N23T,GATAVSEWTEYKTADGKTYYYNTRTLESTWEKPQELK,-0.1893267729256713,1,3,3,2
N23V,GATAVSEWTEYKTADGKTYYYNVRTLESTWEKPQELK,-0.3881956025576945,1,0,3,2
N23W,GATAVSEWTEYKTADGKTYYYNWRTLESTWEKPQELK,0.0765728541777233,1,1,3,2
N23Y,GATAVSEWTEYKTADGKTYYYNYRTLESTWEKPQELK,-0.48685171663733,1,3,3,2
P33A,GATAVSEWTEYKTADGKTYYYNNRTLESTWEKAQELK,-1.8385050198317137,0,3,3,2
P33D,GATAVSEWTEYKTADGKTYYYNNRTLESTWEKDQELK,-1.842115375561012,0,2,3,2
P33E,GATAVSEWTEYKTADGKTYYYNNRTLESTWEKEQELK,-1.8671704312110493,0,0,3,2
P33F,GATAVSEWTEYKTADGKTYYYNNRTLESTWEKFQELK,-1.767208638648484,0,1,3,2
P33G,GATAVSEWTEYKTADGKTYYYNNRTLESTWEKGQELK,-1.9180548142563627,0,4,3,2
P33H,GATAVSEWTEYKTADGKTYYYNNRTLESTWEKHQELK,-1.8466643909193936,0,2,3,2
P33I,GATAVSEWTEYKTADGKTYYYNNRTLESTWEKIQELK,-1.655491944002235,0,2,3,2
P33K,GATAVSEWTEYKTADGKTYYYNNRTLESTWEKKQELK,-1.997060312428684,0,0,3,2
P33L,GATAVSEWTEYKTADGKTYYYNNRTLESTWEKLQELK,-1.778205389841717,0,3,3,2
P33M,GATAVSEWTEYKTADGKTYYYNNRTLESTWEKMQELK,-1.889892771057672,0,0,3,2
P33N,GATAVSEWTEYKTADGKTYYYNNRTLESTWEKNQELK,-1.7432495086381938,0,3,3,2
P33Q,GATAVSEWTEYKTADGKTYYYNNRTLESTWEKQQELK,-1.9644733685091924,0,2,3,2
P33R,GATAVSEWTEYKTADGKTYYYNNRTLESTWEKRQELK,-1.9424649778031853,0,3,3,2
P33S,GATAVSEWTEYKTADGKTYYYNNRTLESTWEKSQELK,-2.0785963156742246,0,1,3,2
P33T,GATAVSEWTEYKTADGKTYYYNNRTLESTWEKTQELK,-1.9122689679279128,0,3,3,2
P33V,GATAVSEWTEYKTADGKTYYYNNRTLESTWEKVQELK,-1.8187200133775216,0,4,3,2
P33W,GATAVSEWTEYKTADGKTYYYNNRTLESTWEKWQELK,-1.7547203472679118,0,4,3,2
P33Y,GATAVSEWTEYKTADGKTYYYNNRTLESTWEKYQELK,-1.7157531625277127,0,2,3,2
Q34A,GATAVSEWTEYKTADGKTYYYNNRTLESTWEKPAELK,0.0808592083753292,1,4,4,2
Q34D,GATAVSEWTEYKTADGKTYYYNNRTLESTWEKPDELK,0.1673623920639779,1,3,4,2
Q34E,GATAVSEWTEYKTADGKTYYYNNRTLESTWEKPEELK,0.1732054072392812,1,3,4,2
Q34F,GATAVSEWTEYKTADGKTYYYNNRTLESTWEKPFELK,-0.2656536506668154,1,0,4,2
Q34G,GATAVSEWTEYKTADGKTYYYNNRTLESTWEKPGELK,-0.3427582136733895,1,0,4,2
Q34H,GATAVSEWTEYKTADGKTYYYNNRTLESTWEKPHELK,-0.3193323616200048,1,4,4,2
Q34I,GATAVSEWTEYKTADGKTYYYNNRTLESTWEKPIELK,-0.2638155829750022,1,0,4,2
Q34K,GATAVSEWTEYKTADGKTYYYNNRTLESTWEKPKELK,-0.4833624981675952,1,0,4,2
Q34L,GATAVSEWTEYKTADGKTYYYNNRTLESTWEKPLELK,-0.123677715829769,1,1,4,2
Q34M,GATAVSEWTEYKTADGKTYYYNNRTLESTWEKPMELK,-0.1700430777435277,1,4,4,2
Q34N,GATAVSEWTEYKTADGKTYYYNNRTLESTWEKPNELK,-0.1679681127258585,1,1,4,2
Q34P,GATAVSEWTEYKTADGKTYYYNNRTLESTWEKPPELK,0.0130291319778801,1,1,4,2
Q34R,GATAVSEWTEYKTADGKTYYYNNRTLESTWEKPRELK,-0.5875516555476801,1,3,4,2
Q34S,GATAVSEWTEYKTADGKTYYYNNRTLESTWEKPSELK,-0.2064557006090575,1,3,4,2
Q34T,GATAVSEWTEYKTADGKTYYYNNRTLESTWEKPTELK,-0.2630093621549401,1,1,4,2
Q34V,GATAVSEWTEYKTADGKTYYYNNRTLESTWEKPVELK,-0.1987065354468273,1,4,4,2
Q34W,GATAVSEWTEYKTADGKTYYYNNRTLESTWEKPWELK,-0.2572111768251193,1,1,4,2
Q34Y,GATAVSEWTEYKTADGKTYYYNNRTLESTWEKPYELK,-0.399359383520284,1,1,4,2
R24A,GATAVSEWTEYKTADGKTYYYNNATLESTWEKPQELK,-0.5709620978058854,1,2,4,3
R24C,GATAVSEWTEYKTADGKTYYYNNCTLESTWEKPQELK,-0.1011652108735954,1,0,4,3
R24D,GATAVSEWTEYKTADGKTYYYNNDTLESTWEKPQELK,-0.9974870645256844,1,3,4,3
R24E,GATAVSEWTEYKTADGKTYYYNNETLESTWEKPQELK,-0.7829982062805154,1,3,4,3
R24F,GATAVSEWTEYKTADGKTYYYNNFTLESTWEKPQELK,-0.2516083204329389,1,4,4,3
R24G,GATAVSEWTEYKTADGKTYYYNNGTLESTWEKPQELK,-1.1172791277153602,1,4,4,3
R24H,GATAVSEWTEYKTADGKTYYYNNHTLESTWEKPQELK,-0.5436763192101131,1,0,4,3
R24I,GATAVSEWTEYKTADGKTYYYNNITLESTWEKPQELK,-0.0076467015682588,1,0,4,3
R24K,GATAVSEWTEYKTADGKTYYYNNKTLESTWEKPQELK,-0.2495844441542929,1,1,4,3
R24L,GATAVSEWTEYKTADGKTYYYNNLTLESTWEKPQELK,-0.1866338976968973,1,4,4,3
R24M,GATAVSEWTEYKTADGKTYYYNNMTLESTWEKPQELK,-0.4210891784664028,1,1,4,3
R24N,GATAVSEWTEYKTADGKTYYYNNNTLESTWEKPQELK,-0.4385319558856428,1,2,4,3
R24P,GATAVSEWTEYKTADGKTYYYNNPTLESTWEKPQELK,-2.151473539677545,0,0,4,3
R24Q,GATAVSEWTEYKTADGKTYYYNNQTLESTWEKPQELK,-0.4876578383262475,1,4,4,3
R24S,GATAVSEWTEYKTADGKTYYYNNSTLESTWEKPQELK,-0.6104707266943348,1,1,4,3
R24T,GATAVSEWTEYKTADGKTYYYNNTTLESTWEKPQELK,-0.3929719749252709,1,1,4,3
R24V,GATAVSEWTEYKTADGKTYYYNNVTLESTWEKPQELK,0.0809184912524725,1,3,4,3
R24W,GATAVSEWTEYKTADGKTYYYNNWTLESTWEKPQELK,-0.4394541369150535,1,0,4,3
R24Y,GATAVSEWTEYKTADGKTYYYNNYTLESTWEKPQELK,-0.2940617169255732,1,4,4,3
S28A,GATAVSEWTEYKTADGKTYYYNNRTLEATWEKPQELK,-0.2139992148282803,1,1,3,3
S28D,GATAVSEWTEYKTADGKTYYYNNRTLEDTWEKPQELK,-1.5032796550979102,0,1,3,3
S28E,GATAVSEWTEYKTADGKTYYYNNRTLEETWEKPQELK,-0.5463467083201912,1,3,3,3
S28F,GATAVSEWTEYKTADGKTYYYNNRTLEFTWEKPQELK,0.4501357816027531,1,4,3,3
S28G,GATAVSEWTEYKTADGKTYYYNNRTLEGTWEKPQELK,-0.2745732918078056,1,3,3,3
S28H,GATAVSEWTEYKTADGKTYYYNNRTLEHTWEKPQELK,-0.1733893652096356,1,2,3,3
S28I,GATAVSEWTEYKTADGKTYYYNNRTLEITWEKPQELK,0.7435377910915761,1,3,3,3
S28K,GATAVSEWTEYKTADGKTYYYNNRTLEKTWEKPQELK,0.0360327554629282,1,2,3,3
S28L,GATAVSEWTEYKTADGKTYYYNNRTLELTWEKPQELK,0.5423538591011052,1,4,3,3
S28M,GATAVSEWTEYKTADGKTYYYNNRTLEMTWEKPQELK,0.4054557085511283,1,3,3,3
S28N,GATAVSEWTEYKTADGKTYYYNNRTLENTWEKPQELK,-0.9643612991215827,1,0,3,3
S28P,GATAVSEWTEYKTADGKTYYYNNRTLEPTWEKPQELK,-1.606223347843605,0,4,3,3
S28Q,GATAVSEWTEYKTADGKTYYYNNRTLEQTWEKPQELK,-0.188032565171218,1,4,3,3
S28R,GATAVSEWTEYKTADGKTYYYNNRTLERTWEKPQELK,-0.142167269120867,1,4,3,3
S28T,GATAVSEWTEYKTADGKTYYYNNRTLETTWEKPQELK,0.301744109417744,1,1,3,3
S28V,GATAVSEWTEYKTADGKTYYYNNRTLEVTWEKPQELK,0.6590907292242361,1,3,3,3
S28W,GATAVSEWTEYKTADGKTYYYNNRTLEWTWEKPQELK,0.5111094040678199,1,2,3,3
S28Y,GATAVSEWTEYKTADGKTYYYNNRTLEYTWEKPQELK,0.2846143830850645,1,2,3,3
S6A,GATAVAEWTEYKTADGKTYYYNNRTLESTWEKPQELK,-0.2795891543997388,1,4,1,3
S6C,GATAVCEWTEYKTADGKTYYYNNRTLESTWEKPQELK,0.0845599461308661,1,3,1,3
S6D,GATAVDEWTEYKTADGKTYYYNNRTLESTWEKPQELK,-0.3040318658084739,1,4,1,3
S6E,GATAVEEWTEYKTADGKTYYYNNRTLESTWEKPQELK,-0.3362824488462927,1,1,1,3
S6F,GATAVFEWTEYKTADGKTYYYNNRTLESTWEKPQELK,-0.4307100087433526,1,0,1,3
S6G,GATAVGEWTEYKTADGKTYYYNNRTLESTWEKPQELK,-0.2605875739137491,1,3,1,3
S6H,GATAVHEWTEYKTADGKTYYYNNRTLESTWEKPQELK,-0.3968436868787108,1,2,1,3
S6I,GATAVIEWTEYKTADGKTYYYNNRTLESTWEKPQELK,-0.576727994417706,1,0,1,3
S6K,GATAVKEWTEYKTADGKTYYYNNRTLESTWEKPQELK,-0.5767279531068641,1,2,1,3
S6L,GATAVLEWTEYKTADGKTYYYNNRTLESTWEKPQELK,-0.5599804712492138,1,1,1,3
S6M,GATAVMEWTEYKTADGKTYYYNNRTLESTWEKPQELK,-0.4235478249868998,1,4,1,3
S6N,GATAVNEWTEYKTADGKTYYYNNRTLESTWEKPQELK,-0.2599881396128678,1,0,1,3
S6P,GATAVPEWTEYKTADGKTYYYNNRTLESTWEKPQELK,-0.2892212774874294,1,0,1,3
S6Q,GATAVQEWTEYKTADGKTYYYNNRTLESTWEKPQELK,-0.3735465367110677,1,3,1,3
S6R,GATAVREWTEYKTADGKTYYYNNRTLESTWEKPQELK,-0.5926458167229116,1,2,1,3
S6T,GATAVTEWTEYKTADGKTYYYNNRTLESTWEKPQELK,-0.3172806881680032,1,2,1,3
S6V,GATAVVEWTEYKTADGKTYYYNNRTLESTWEKPQELK,-0.4603393704284788,1,3,1,3
S6W,GATAVWEWTEYKTADGKTYYYNNRTLESTWEKPQELK,-0.419972790383778,1,4,1,3
S6Y,GATAVYEWTEYKTADGKTYYYNNRTLESTWEKPQELK,-0.504593191609533,1,1,1,3
T13A,GATAVSEWTEYKAADGKTYYYNNRTLESTWEKPQELK,-0.747893237362566,1,3,3,3
T13D,GATAVSEWTEYKDADGKTYYYNNRTLESTWEKPQELK,-0.2132403774624647,1,3,3,3
T13E,GATAVSEWTEYKEADGKTYYYNNRTLESTWEKPQELK,-1.6565150414460437,0,1,3,3
T13F,GATAVSEWTEYKFADGKTYYYNNRTLESTWEKPQELK,-1.2435397164123585,0,2,3,3
T13G,GATAVSEWTEYKGADGKTYYYNNRTLESTWEKPQELK,-0.583485497478232,1,4,3,3
T13H,GATAVSEWTEYKHADGKTYYYNNRTLESTWEKPQELK,-1.170587565834786,1,1,3,3
T13I,GATAVSEWTEYKIADGKTYYYNNRTLESTWEKPQELK,-1.6616944989610505,0,2,3,3
T13K,GATAVSEWTEYKKADGKTYYYNNRTLESTWEKPQELK,-1.5752715854088954,0,4,3,3
T13L,GATAVSEWTEYKLADGKTYYYNNRTLESTWEKPQELK,-0.8838594357324792,1,0,3,3
T13M,GATAVSEWTEYKMADGKTYYYNNRTLESTWEKPQELK,-0.8035071534402467,1,1,3,3
T13N,GATAVSEWTEYKNADGKTYYYNNRTLESTWEKPQELK,-0.5167816547730673,1,2,3,3
T13P,GATAVSEWTEYKPADGKTYYYNNRTLESTWEKPQELK,-2.5402091905387234,0,2,3,3
T13Q,GATAVSEWTEYKQADGKTYYYNNRTLESTWEKPQELK,-1.1473676649008508,1,4,3,3
T13R,GATAVSEWTEYKRADGKTYYYNNRTLESTWEKPQELK,-1.180143256476279,1,2,3,3
T13S,GATAVSEWTEYKSADGKTYYYNNRTLESTWEKPQELK,-0.7174305938058425,1,0,3,3
T13V,GATAVSEWTEYKVADGKTYYYNNRTLESTWEKPQELK,-1.717795000919638,0,3,3,3
T13W,GATAVSEWTEYKWADGKTYYYNNRTLESTWEKPQELK,-1.5670423899372827,0,4,3,3
T13Y,GATAVSEWTEYKYADGKTYYYNNRTLESTWEKPQELK,-1.3076523842476135,0,2,3,3
T18A,GATAVSEWTEYKTADGKAYYYNNRTLESTWEKPQELK,-0.8849541183861054,1,1,3,3
T18D,GATAVSEWTEYKTADGKDYYYNNRTLESTWEKPQELK,-1.5649480988302265,0,2,3,3
T18E,GATAVSEWTEYKTADGKEYYYNNRTLESTWEKPQELK,-1.4512247429239582,0,1,3,3
T18F,GATAVSEWTEYKTADGKFYYYNNRTLESTWEKPQELK,-0.6489846725017636,1,2,3,3
T18G,GATAVSEWTEYKTADGKGYYYNNRTLESTWEKPQELK,-1.872734578646104,0,2,3,3
T18H,GATAVSEWTEYKTADGKHYYYNNRTLESTWEKPQELK,-1.0260465914432093,1,4,3,3
T18I,GATAVSEWTEYKTADGKIYYYNNRTLESTWEKPQELK,-0.201702677139814,1,4,3,3
T18K,GATAVSEWTEYKTADGKKYYYNNRTLESTWEKPQELK,-0.8023899745432939,1,3,3,3
T18L,GATAVSEWTEYKTADGKLYYYNNRTLESTWEKPQELK,-0.5253011855973759,1,2,3,3
T18M,GATAVSEWTEYKTADGKMYYYNNRTLESTWEKPQELK,-0.7714823063326535,1,2,3,3
T18N,GATAVSEWTEYKTADGKNYYYNNRTLESTWEKPQELK,-1.071257588700103,1,1,3,3
T18P,GATAVSEWTEYKTADGKPYYYNNRTLESTWEKPQELK,-0.9032630331711856,1,1,3,3
T18Q,GATAVSEWTEYKTADGKQYYYNNRTLESTWEKPQELK,-1.2688653388696054,0,0,3,3
T18R,GATAVSEWTEYKTADGKRYYYNNRTLESTWEKPQELK,-0.9286276136267416,1,1,3,3
T18S,GATAVSEWTEYKTADGKSYYYNNRTLESTWEKPQELK,-0.4352109814159517,1,2,3,3
T18V,GATAVSEWTEYKTADGKVYYYNNRTLESTWEKPQELK,-0.2830359908526918,1,1,3,3
T18W,GATAVSEWTEYKTADGKWYYYNNRTLESTWEKPQELK,-0.9843270904249282,1,4,3,3
T18Y,GATAVSEWTEYKTADGKYYYYNNRTLESTWEKPQELK,-0.6187710176746539,1,4,3,3
T25A,GATAVSEWTEYKTADGKTYYYNNRALESTWEKPQELK,-2.227806407249916,0,3,0,3
T25D,GATAVSEWTEYKTADGKTYYYNNRDLESTWEKPQELK,-1.928123348296365,0,4,0,3
T25E,GATAVSEWTEYKTADGKTYYYNNRELESTWEKPQELK,-1.918652371097248,0,2,0,3
T25F,GATAVSEWTEYKTADGKTYYYNNRFLESTWEKPQELK,-1.968853512604941,0,3,0,3
T25G,GATAVSEWTEYKTADGKTYYYNNRGLESTWEKPQELK,-2.326137839297669,0,1,0,3
T25H,GATAVSEWTEYKTADGKTYYYNNRHLESTWEKPQELK,-2.1787984624274674,0,3,0,3
T25I,GATAVSEWTEYKTADGKTYYYNNRILESTWEKPQELK,-1.910911966222652,0,4,0,3
T25K,GATAVSEWTEYKTADGKTYYYNNRKLESTWEKPQELK,-2.095101585164695,0,2,0,3
T25L,GATAVSEWTEYKTADGKTYYYNNRLLESTWEKPQELK,-1.5274698252009136,0,2,0,3
T25M,GATAVSEWTEYKTADGKTYYYNNRMLESTWEKPQELK,-2.386671323212327,0,3,0,3
T25N,GATAVSEWTEYKTADGKTYYYNNRNLESTWEKPQELK,-1.808741346400232,0,4,0,3
T25P,GATAVSEWTEYKTADGKTYYYNNRPLESTWEKPQELK,-2.5491244727663105,0,3,0,3
T25Q,GATAVSEWTEYKTADGKTYYYNNRQLESTWEKPQELK,-2.170584965004128,0,0,0,3
T25R,GATAVSEWTEYKTADGKTYYYNNRRLESTWEKPQELK,-2.1344333364291685,0,0,0,3
T25S,GATAVSEWTEYKTADGKTYYYNNRSLESTWEKPQELK,-1.5670337128728369,0,4,0,3
T25V,GATAVSEWTEYKTADGKTYYYNNRVLESTWEKPQELK,-1.9792882703003865,0,3,0,3
T25W,GATAVSEWTEYKTADGKTYYYNNRWLESTWEKPQELK,-1.8009326192705708,0,1,0,3
T25Y,GATAVSEWTEYKTADGKTYYYNNRYLESTWEKPQELK,-1.836291107473032,0,1,0,3
T29A,GATAVSEWTEYKTADGKTYYYNNRTLESAWEKPQELK,-0.7495450945602156,1,1,4,3
T29C,GATAVSEWTEYKTADGKTYYYNNRTLESCWEKPQELK,-0.744997360174475,1,3,4,3
T29D,GATAVSEWTEYKTADGKTYYYNNRTLESDWEKPQELK,-1.8535823642971496,0,1,4,3
T29E,GATAVSEWTEYKTADGKTYYYNNRTLESEWEKPQELK,-1.5291082107454963,0,1,4,3
T29F,GATAVSEWTEYKTADGKTYYYNNRTLESFWEKPQELK,-0.6765904308605015,1,0,4,3
T29G,GATAVSEWTEYKTADGKTYYYNNRTLESGWEKPQELK,-1.7139573116853066,0,1,4,3
T29H,GATAVSEWTEYKTADGKTYYYNNRTLESHWEKPQELK,-0.8481837231355263,1,4,4,3
T29I,GATAVSEWTEYKTADGKTYYYNNRTLESIWEKPQELK,-0.6883432204185644,1,0,4,3
T29K,GATAVSEWTEYKTADGKTYYYNNRTLESKWEKPQELK,-0.7362939667594586,1,3,4,3
T29L,GATAVSEWTEYKTADGKTYYYNNRTLESLWEKPQELK,-0.7616459464425951,1,0,4,3
T29M,GATAVSEWTEYKTADGKTYYYNNRTLESMWEKPQELK,-0.723710886409197,1,3,4,3
T29N,GATAVSEWTEYKTADGKTYYYNNRTLESNWEKPQELK,-1.323455854512979,0,3,4,3
T29P,GATAVSEWTEYKTADGKTYYYNNRTLESPWEKPQELK,-2.184754174169408,0,3,4,3
T29Q,GATAVSEWTEYKTADGKTYYYNNRTLESQWEKPQELK,-0.2653097022592381,1,3,4,3
T29R,GATAVSEWTEYKTADGKTYYYNNRTLESRWEKPQELK,-0.3968570223188279,1,0,4,3
T29S,GATAVSEWTEYKTADGKTYYYNNRTLESSWEKPQELK,-0.3364190824516311,1,1,4,3
T29V,GATAVSEWTEYKTADGKTYYYNNRTLESVWEKPQELK,-0.16145608284216,1,4,4,3
T29W,GATAVSEWTEYKTADGKTYYYNNRTLESWWEKPQELK,-1.0113274986046177,1,1,4,3
T29Y,GATAVSEWTEYKTADGKTYYYNNRTLESYWEKPQELK,-0.8071476887113622,1,4,4,3
T3A,GAAAVSEWTEYKTADGKTYYYNNRTLESTWEKPQELK,-0.1883973859188272,1,3,3,4
T3C,GACAVSEWTEYKTADGKTYYYNNRTLESTWEKPQELK,0.0261406974277003,1,0,3,4
T3D,GADAVSEWTEYKTADGKTYYYNNRTLESTWEKPQELK,-0.1076347804317152,1,4,3,4
T3E,GAEAVSEWTEYKTADGKTYYYNNRTLESTWEKPQELK,-0.1771235975964264,1,0,3,4
T3F,GAFAVSEWTEYKTADGKTYYYNNRTLESTWEKPQELK,-0.311383120879249,1,1,3,4
T3G,GAGAVSEWTEYKTADGKTYYYNNRTLESTWEKPQELK,-0.1665004552342228,1,3,3,4
T3H,GAHAVSEWTEYKTADGKTYYYNNRTLESTWEKPQELK,-0.1724339549859381,1,1,3,4
T3I,GAIAVSEWTEYKTADGKTYYYNNRTLESTWEKPQELK,-0.1231626586445444,1,4,3,4
T3K,GAKAVSEWTEYKTADGKTYYYNNRTLESTWEKPQELK,-0.8323672454328643,1,3,3,4
T3L,GALAVSEWTEYKTADGKTYYYNNRTLESTWEKPQELK,-0.1451250606204484,1,3,3,4
T3M,GAMAVSEWTEYKTADGKTYYYNNRTLESTWEKPQELK,-0.1410778232433593,1,4,3,4
T3N,GANAVSEWTEYKTADGKTYYYNNRTLESTWEKPQELK,-0.2590184000696398,1,3,3,4
T3P,GAPAVSEWTEYKTADGKTYYYNNRTLESTWEKPQELK,-0.2049482025672158,1,0,3,4
T3Q,GAQAVSEWTEYKTADGKTYYYNNRTLESTWEKPQELK,-0.1440493869370906,1,2,3,4
T3R,GARAVSEWTEYKTADGKTYYYNNRTLESTWEKPQELK,-0.9297266184564336,1,1,3,4
T3S,GASAVSEWTEYKTADGKTYYYNNRTLESTWEKPQELK,-0.2246841951146225,1,1,3,4
T3V,GAVAVSEWTEYKTADGKTYYYNNRTLESTWEKPQELK,-0.2514227202151051,1,4,3,4
T3W,GAWAVSEWTEYKTADGKTYYYNNRTLESTWEKPQELK,-0.4435031467272887,1,2,3,4
T3Y,GAYAVSEWTEYKTADGKTYYYNNRTLESTWEKPQELK,-0.8509210614063858,1,0,3,4
T9A,GATAVSEWAEYKTADGKTYYYNNRTLESTWEKPQELK,-0.4222495022589108,1,2,4,4
T9D,GATAVSEWDEYKTADGKTYYYNNRTLESTWEKPQELK,-1.073820431008074,1,3,4,4
T9E,GATAVSEWEEYKTADGKTYYYNNRTLESTWEKPQELK,-0.5010517293752152,1,4,4,4
T9F,GATAVSEWFEYKTADGKTYYYNNRTLESTWEKPQELK,-0.5331004537672359,1,0,4,4
T9G,GATAVSEWGEYKTADGKTYYYNNRTLESTWEKPQELK,-0.8100823738761278,1,0,4,4
T9H,GATAVSEWHEYKTADGKTYYYNNRTLESTWEKPQELK,-0.4179528712059963,1,4,4,4
T9I,GATAVSEWIEYKTADGKTYYYNNRTLESTWEKPQELK,-0.1250167867990796,1,0,4,4
T9K,GATAVSEWKEYKTADGKTYYYNNRTLESTWEKPQELK,-0.3820384981435132,1,2,4,4
T9L,GATAVSEWLEYKTADGKTYYYNNRTLESTWEKPQELK,-0.5533392540200395,1,2,4,4
T9M,GATAVSEWMEYKTADGKTYYYNNRTLESTWEKPQELK,-0.1907119318142895,1,4,4,4
T9N,GATAVSEWNEYKTADGKTYYYNNRTLESTWEKPQELK,-0.7105535262969016,1,2,4,4
T9P,GATAVSEWPEYKTADGKTYYYNNRTLESTWEKPQELK,-3.671190379717191,0,1,4,4
T9Q,GATAVSEWQEYKTADGKTYYYNNRTLESTWEKPQELK,-0.3126484253604551,1,0,4,4
T9R,GATAVSEWREYKTADGKTYYYNNRTLESTWEKPQELK,-0.2398361759539065,1,0,4,4
T9S,GATAVSEWSEYKTADGKTYYYNNRTLESTWEKPQELK,-0.3121978576718027,1,4,4,4
T9V,GATAVSEWVEYKTADGKTYYYNNRTLESTWEKPQELK,0.0488994514677139,1,1,4,4
T9W,GATAVSEWWEYKTADGKTYYYNNRTLESTWEKPQELK,-0.7217051239476788,1,4,4,4
T9Y,GATAVSEWYEYKTADGKTYYYNNRTLESTWEKPQELK,-0.4872508811942868,1,2,4,4
V5A,GATAASEWTEYKTADGKTYYYNNRTLESTWEKPQELK,-0.1194337173714323,1,2,0,4
V5D,GATADSEWTEYKTADGKTYYYNNRTLESTWEKPQELK,-0.1954346321233528,1,4,0,4
V5E,GATAESEWTEYKTADGKTYYYNNRTLESTWEKPQELK,-0.247452828938504,1,2,0,4
V5F,GATAFSEWTEYKTADGKTYYYNNRTLESTWEKPQELK,-0.1269466356322008,1,0,0,4
V5G,GATAGSEWTEYKTADGKTYYYNNRTLESTWEKPQELK,-0.2348165427794071,1,0,0,4
V5H,GATAHSEWTEYKTADGKTYYYNNRTLESTWEKPQELK,-0.2708961424040232,1,0,0,4
V5I,GATAISEWTEYKTADGKTYYYNNRTLESTWEKPQELK,-0.1067265658302489,1,2,0,4
V5K,GATAKSEWTEYKTADGKTYYYNNRTLESTWEKPQELK,-0.4587935599578157,1,4,0,4
V5L,GATALSEWTEYKTADGKTYYYNNRTLESTWEKPQELK,-0.1388326991941055,1,1,0,4
V5M,GATAMSEWTEYKTADGKTYYYNNRTLESTWEKPQELK,-0.1952468261426743,1,3,0,4
V5N,GATANSEWTEYKTADGKTYYYNNRTLESTWEKPQELK,-0.291982248073737,1,0,0,4
V5P,GATAPSEWTEYKTADGKTYYYNNRTLESTWEKPQELK,-0.1755722756198277,1,1,0,4
V5Q,GATAQSEWTEYKTADGKTYYYNNRTLESTWEKPQELK,-0.182564744806958,1,2,0,4
V5R,GATARSEWTEYKTADGKTYYYNNRTLESTWEKPQELK,-0.6701498522549199,1,0,0,4
V5S,GATASSEWTEYKTADGKTYYYNNRTLESTWEKPQELK,-0.1711263062338037,1,4,0,4
V5T,GATATSEWTEYKTADGKTYYYNNRTLESTWEKPQELK,-0.2186814673395201,1,1,0,4
V5W,GATAWSEWTEYKTADGKTYYYNNRTLESTWEKPQELK,-0.1320832885982432,1,2,0,4
V5Y,GATAYSEWTEYKTADGKTYYYNNRTLESTWEKPQELK,-0.0728538835437579,1,2,0,4
W8A,GATAVSEATEYKTADGKTYYYNNRTLESTWEKPQELK,-2.61309511330622,0,3,3,4
W8D,GATAVSEDTEYKTADGKTYYYNNRTLESTWEKPQELK,-2.7863854643379247,0,2,3,4
W8E,GATAVSEETEYKTADGKTYYYNNRTLESTWEKPQELK,-3.111689124047462,0,4,3,4
W8F,GATAVSEFTEYKTADGKTYYYNNRTLESTWEKPQELK,-1.867091805603928,0,0,3,4
W8G,GATAVSEGTEYKTADGKTYYYNNRTLESTWEKPQELK,-2.9545077358918608,0,2,3,4
W8H,GATAVSEHTEYKTADGKTYYYNNRTLESTWEKPQELK,-2.6950899137680007,0,3,3,4
W8I,GATAVSEITEYKTADGKTYYYNNRTLESTWEKPQELK,-2.1038374068691588,0,0,3,4
W8K,GATAVSEKTEYKTADGKTYYYNNRTLESTWEKPQELK,-2.654680523128938,0,4,3,4
W8L,GATAVSELTEYKTADGKTYYYNNRTLESTWEKPQELK,-2.440466363181653,0,1,3,4
W8M,GATAVSEMTEYKTADGKTYYYNNRTLESTWEKPQELK,-2.6497349929603047,0,2,3,4
W8N,GATAVSENTEYKTADGKTYYYNNRTLESTWEKPQELK,-2.7563073783372536,0,3,3,4
W8P,GATAVSEPTEYKTADGKTYYYNNRTLESTWEKPQELK,-2.806167559586046,0,3,3,4
W8Q,GATAVSEQTEYKTADGKTYYYNNRTLESTWEKPQELK,-2.6435233578483857,0,4,3,4
W8R,GATAVSERTEYKTADGKTYYYNNRTLESTWEKPQELK,-2.6432001238827696,0,1,3,4
W8S,GATAVSESTEYKTADGKTYYYNNRTLESTWEKPQELK,-2.745035380484111,0,3,3,4
W8T,GATAVSETTEYKTADGKTYYYNNRTLESTWEKPQELK,-2.8541297994019645,0,2,3,4
W8V,GATAVSEVTEYKTADGKTYYYNNRTLESTWEKPQELK,-2.271672037439378,0,3,3,4
W8Y,GATAVSEYTEYKTADGKTYYYNNRTLESTWEKPQELK,-1.7788665328313074,0,1,3,4
Y19C,GATAVSEWTEYKTADGKTCYYNNRTLESTWEKPQELK,-0.303359500282168,1,2,4,4
Y20A,GATAVSEWTEYKTADGKTYAYNNRTLESTWEKPQELK,-2.745140070716221,0,2,0,4
Y20D,GATAVSEWTEYKTADGKTYDYNNRTLESTWEKPQELK,-2.8282337747808515,0,1,0,4
Y20E,GATAVSEWTEYKTADGKTYEYNNRTLESTWEKPQELK,-2.822757594466534,0,3,0,4
Y20F,GATAVSEWTEYKTADGKTYFYNNRTLESTWEKPQELK,-0.746433791761363,1,0,0,4
Y20G,GATAVSEWTEYKTADGKTYGYNNRTLESTWEKPQELK,-3.205301400655924,0,1,0,4
Y20H,GATAVSEWTEYKTADGKTYHYNNRTLESTWEKPQELK,-2.221324610088731,0,3,0,4
Y20I,GATAVSEWTEYKTADGKTYIYNNRTLESTWEKPQELK,-2.6361272397544844,0,3,0,4
Y20K,GATAVSEWTEYKTADGKTYKYNNRTLESTWEKPQELK,-2.530167009308568,0,3,0,4
Y20L,GATAVSEWTEYKTADGKTYLYNNRTLESTWEKPQELK,-2.3630672325416606,0,1,0,4
Y20M,GATAVSEWTEYKTADGKTYMYNNRTLESTWEKPQELK,-2.5209089391009307,0,2,0,4
Y20N,GATAVSEWTEYKTADGKTYNYNNRTLESTWEKPQELK,-3.07614894133206,0,3,0,4
Y20P,GATAVSEWTEYKTADGKTYPYNNRTLESTWEKPQELK,-2.534914095790813,0,0,0,4
Y20Q,GATAVSEWTEYKTADGKTYQYNNRTLESTWEKPQELK,-2.7942620925222523,0,1,0,4
Y20R,GATAVSEWTEYKTADGKTYRYNNRTLESTWEKPQELK,-2.503907870637606,0,4,0,4
Y20S,GATAVSEWTEYKTADGKTYSYNNRTLESTWEKPQELK,-2.9097942611132206,0,2,0,4
Y20V,GATAVSEWTEYKTADGKTYVYNNRTLESTWEKPQELK,-3.3842635996086576,0,1,0,4
Y20W,GATAVSEWTEYKTADGKTYWYNNRTLESTWEKPQELK,0.7044490140877642,1,2,0,4
Y21A,GATAVSEWTEYKTADGKTYYANNRTLESTWEKPQELK,-1.5613205084753812,0,4,1,4
Y21D,GATAVSEWTEYKTADGKTYYDNNRTLESTWEKPQELK,-2.3458230332960426,0,4,1,4
Y21E,GATAVSEWTEYKTADGKTYYENNRTLESTWEKPQELK,-1.402215053967124,0,2,1,4
Y21F,GATAVSEWTEYKTADGKTYYFNNRTLESTWEKPQELK,0.0382098196267657,1,4,1,4
Y21G,GATAVSEWTEYKTADGKTYYGNNRTLESTWEKPQELK,-2.028390320017282,0,4,1,4
Y21H,GATAVSEWTEYKTADGKTYYHNNRTLESTWEKPQELK,-0.7637683222706062,1,0,1,4
Y21I,GATAVSEWTEYKTADGKTYYINNRTLESTWEKPQELK,-0.2200841214724183,1,4,1,4
Y21K,GATAVSEWTEYKTADGKTYYKNNRTLESTWEKPQELK,-0.6742971630466461,1,2,1,4
Y21L,GATAVSEWTEYKTADGKTYYLNNRTLESTWEKPQELK,-0.4740131343516958,1,4,1,4
Y21M,GATAVSEWTEYKTADGKTYYMNNRTLESTWEKPQELK,-0.646903262348054,1,2,1,4
Y21N,GATAVSEWTEYKTADGKTYYNNNRTLESTWEKPQELK,-2.0697792032318665,0,1,1,4
Y21P,GATAVSEWTEYKTADGKTYYPNNRTLESTWEKPQELK,-2.649844512076167,0,3,1,4
Y21Q,GATAVSEWTEYKTADGKTYYQNNRTLESTWEKPQELK,-0.8033175507374186,1,0,1,4
Y21R,GATAVSEWTEYKTADGKTYYRNNRTLESTWEKPQELK,-0.66100107169424,1,3,1,4
Y21S,GATAVSEWTEYKTADGKTYYSNNRTLESTWEKPQELK,-1.4515044950928282,0,1,1,4
Y21T,GATAVSEWTEYKTADGKTYYTNNRTLESTWEKPQELK,-0.717200653773912,1,1,1,4
Y21V,GATAVSEWTEYKTADGKTYYVNNRTLESTWEKPQELK,0.0341176541596603,1,2,1,4
Y21W,GATAVSEWTEYKTADGKTYYWNNRTLESTWEKPQELK,-0.4012479499972401,1,0,1,4
